H_NIVO.NUM_POSTE;H_NIVO.ALTI_LPNX;H_NIVO.DAT
4006400;1000;2021-12-11 06:00:00
4006400;2600;2021-12-24 06:00:00
4006400;1400;2021-12-25 06:00:00
4006400;1400;2021-12-26 06:00:00
4006400;1800;2021-12-28 06:00:00
4006400;2700;2021-12-29 06:00:00
4006400;1900;2022-01-05 06:00:00
4006400;1200;2022-01-08 06:00:00
4006400;2575;2022-02-17 06:00:00
4006400;1700;2022-02-21 06:00:00
4006400;1700;2022-02-22 06:00:00
4006400;1700;2022-03-13 06:00:00
4006400;1700;2022-03-14 06:00:00
4006400;2000;2022-03-15 06:00:00
4006400;1800;2022-03-30 06:00:00
4006400;1800;2022-04-01 06:00:00
4006400;1800;2022-04-02 06:00:00
4006400;1700;2022-04-04 06:00:00
4019404;2000;2021-12-25 06:00:00
4019404;1600;2021-12-25 12:00:00
4019404;1100;2021-12-28 06:00:00
4019404;2300;2021-12-29 06:00:00
4019404;1600;2022-01-05 06:00:00
4019404;1150;2022-01-08 06:00:00
4019404;1100;2022-01-10 06:00:00
4019404;1100;2022-02-14 06:00:00
4019404;1200;2022-02-15 06:00:00
4019404;1600;2022-02-21 06:00:00
4019404;1100;2022-02-22 06:00:00
4019404;1600;2022-02-28 06:00:00
4019404;1600;2022-03-06 06:00:00
4019404;1100;2022-03-13 06:00:00
4019404;1600;2022-03-13 12:00:00
4019404;1600;2022-03-30 06:00:00
4019404;1600;2022-03-30 12:00:00
4019404;1800;2022-03-31 06:00:00
4019404;1100;2022-04-02 06:00:00
4019404;1600;2022-04-03 12:00:00
4073400;1100;2021-12-10 06:00:00
4073400;1700;2021-12-25 12:00:00
4073400;2000;2021-12-28 06:00:00
4073400;2200;2021-12-29 06:00:00
4073400;1700;2022-01-05 06:00:00
4073400;1000;2022-01-08 06:00:00
4073400;1000;2022-01-09 06:00:00
4073400;1000;2022-01-10 06:00:00
4073400;1400;2022-02-14 06:00:00
4073400;1400;2022-02-15 06:00:00
4073400;1500;2022-02-21 06:00:00
4073400;1400;2022-02-22 06:00:00
4073400;1100;2022-03-05 06:00:00
4073400;1400;2022-03-13 06:00:00
4073400;1100;2022-03-14 06:00:00
4073400;2400;2022-03-15 06:00:00
4073400;1800;2022-03-30 12:00:00
5001400;1800;2021-12-25 12:00:00
5001400;2080;2021-12-26 06:00:00
5001400;2000;2021-12-28 06:00:00
5001400;2000;2022-01-05 06:00:00
5001400;1500;2022-01-08 06:00:00
5001400;1500;2022-01-09 06:00:00
5001400;1500;2022-01-10 06:00:00
5001400;1500;2022-02-15 06:00:00
5001400;1800;2022-02-21 06:00:00
5001400;1500;2022-02-22 06:00:00
5001400;2300;2022-02-28 06:00:00
5001400;1800;2022-03-11 06:00:00
5001400;1580;2022-03-12 06:00:00
5001400;1500;2022-03-13 06:00:00
5001400;1500;2022-03-14 06:00:00
5001400;2000;2022-03-15 06:00:00
5001400;1800;2022-03-19 06:00:00
5001400;2000;2022-03-20 06:00:00
5026400;2300;2021-09-19 06:00:00
5026400;2000;2021-09-21 06:00:00
5026400;2400;2021-09-27 06:00:00
5026400;2100;2021-10-06 06:00:00
5026400;1850;2021-10-30 12:00:00
5026400;1800;2021-11-01 12:00:00
5026400;1650;2021-11-03 12:00:00
5026400;1650;2021-11-15 06:00:00
5026400;1650;2021-11-15 12:00:00
5026400;1650;2021-11-25 06:00:00
5026400;1650;2021-11-25 12:00:00
5026400;1650;2021-11-28 06:00:00
5026400;1650;2021-11-28 12:00:00
5026400;1650;2021-12-02 06:00:00
5026400;1650;2021-12-05 06:00:00
5026400;1650;2021-12-08 06:00:00
5026400;1650;2021-12-08 12:00:00
5026400;1650;2021-12-09 06:00:00
5026400;1650;2021-12-10 06:00:00
5026400;1650;2021-12-10 12:00:00
5026400;1650;2021-12-11 06:00:00
5026400;2000;2021-12-24 12:00:00
5026400;1650;2021-12-25 12:00:00
5026400;1600;2021-12-28 06:00:00
5026400;1850;2021-12-29 06:00:00
5026400;1650;2022-01-05 06:00:00
5026400;1650;2022-01-08 06:00:00
5026400;1650;2022-01-08 12:00:00
5026400;1650;2022-01-09 06:00:00
5026400;1650;2022-01-10 06:00:00
5026400;1650;2022-01-20 06:00:00
5026400;1650;2022-02-14 06:00:00
5026400;1650;2022-02-14 12:00:00
5026400;1650;2022-02-15 06:00:00
5026400;1650;2022-02-22 06:00:00
5026400;1650;2022-03-14 06:00:00
5026400;1650;2022-03-15 06:00:00
5026400;1650;2022-03-30 06:00:00
5026400;1650;2022-03-30 12:00:00
5026400;1650;2022-04-01 06:00:00
5026400;1650;2022-04-02 06:00:00
5026400;1650;2022-04-02 12:00:00
5026400;1650;2022-04-04 06:00:00
5026400;1800;2022-04-08 06:00:00
5026400;1650;2022-04-24 06:00:00
5061400;1500;2021-12-24 06:00:00
5061400;2300;2021-12-25 06:00:00
5061400;1700;2021-12-26 06:00:00
5061400;1300;2021-12-28 06:00:00
5061400;1500;2021-12-29 06:00:00
5061400;2200;2021-12-30 06:00:00
5061400;1200;2022-01-05 06:00:00
5061400;700;2022-01-08 06:00:00
5061400;1000;2022-01-09 06:00:00
5061400;1200;2022-01-10 06:00:00
5061400;1300;2022-02-07 06:00:00
5061400;1500;2022-02-15 06:00:00
5061400;1240;2022-02-16 06:00:00
5061400;1250;2022-02-17 06:00:00
5061400;1600;2022-02-21 06:00:00
5061400;1300;2022-02-22 06:00:00
5063407;2000;2021-12-26 06:00:00
5063407;1450;2022-01-05 06:00:00
5063407;1450;2022-01-08 06:00:00
5063407;1400;2022-02-08 06:00:00
5063407;1400;2022-02-11 06:00:00
5063407;1400;2022-02-16 06:00:00
5063407;2600;2022-02-17 06:00:00
5063407;2400;2022-02-18 06:00:00
5063407;1400;2022-02-22 06:00:00
5063407;2400;2022-04-21 06:00:00
5063407;1400;2022-04-25 06:00:00
5063410;2000;2021-12-27 06:00:00
5063410;3000;2021-12-30 06:00:00
5063410;1400;2022-01-08 06:00:00
5063410;1500;2022-01-10 06:00:00
5063410;2400;2022-02-17 06:00:00
5063410;1800;2022-03-30 06:00:00
5063410;1500;2022-04-04 06:00:00
5064403;3100;2021-09-16 06:00:00
5064403;2300;2021-09-19 06:00:00
5064403;2700;2021-09-20 06:00:00
5064403;2700;2021-09-26 12:00:00
5064403;2600;2021-10-04 12:00:00
5064403;2500;2021-10-05 06:00:00
5064403;2400;2021-10-30 12:00:00
5064403;2500;2021-10-31 06:00:00
5064403;2800;2021-10-31 12:00:00
5064403;2600;2021-11-01 06:00:00
5064403;2100;2021-11-01 12:00:00
5064403;1700;2021-11-02 06:00:00
5064403;1900;2021-11-03 06:00:00
5064403;1800;2021-11-03 12:00:00
5064403;1300;2021-11-04 06:00:00
5064403;1500;2021-11-25 06:00:00
5064403;1500;2021-11-25 12:00:00
5064403;1200;2021-11-27 06:00:00
5064403;1270;2021-11-28 06:00:00
5064403;1270;2021-11-28 12:00:00
5064403;1250;2021-11-29 06:00:00
5064403;1270;2021-12-02 06:00:00
5064403;1270;2021-12-03 06:00:00
5064403;1400;2021-12-04 06:00:00
5064403;1500;2021-12-04 12:00:00
5064403;1250;2021-12-05 06:00:00
5064403;1200;2021-12-07 06:00:00
5064403;1270;2021-12-08 06:00:00
5064403;1270;2021-12-08 12:00:00
5064403;1300;2021-12-09 06:00:00
5064403;1300;2021-12-10 06:00:00
5064403;1300;2021-12-10 12:00:00
5064403;1270;2021-12-11 06:00:00
5064403;2200;2021-12-25 06:00:00
5064403;1900;2021-12-25 12:00:00
5064403;1300;2021-12-27 12:00:00
5064403;1600;2021-12-28 06:00:00
5064403;1700;2021-12-28 12:00:00
5064403;2000;2021-12-29 06:00:00
5064403;2300;2021-12-29 12:00:00
5064403;2300;2021-12-30 06:00:00
5064403;1300;2022-01-05 06:00:00
5064403;1270;2022-01-08 06:00:00
5064403;1270;2022-01-08 12:00:00
5064403;1270;2022-01-09 06:00:00
5064403;1300;2022-01-09 12:00:00
5064403;1270;2022-01-10 06:00:00
5064403;1270;2022-01-20 06:00:00
5064403;1200;2022-02-01 06:00:00
5064403;1270;2022-02-02 06:00:00
5064403;1300;2022-02-07 06:00:00
5064403;1270;2022-02-11 06:00:00
5064403;1600;2022-02-14 06:00:00
5064403;1400;2022-02-14 12:00:00
5064403;1270;2022-02-15 06:00:00
5064403;1300;2022-02-21 06:00:00
5064403;1500;2022-02-21 12:00:00
5064403;1270;2022-02-22 06:00:00
5064403;1500;2022-03-13 06:00:00
5064403;1400;2022-03-13 12:00:00
5064403;1300;2022-03-14 06:00:00
5064403;1800;2022-03-15 06:00:00
5064403;1700;2022-03-21 06:00:00
5064403;1700;2022-03-30 06:00:00
5064403;1700;2022-03-31 06:00:00
5064403;1400;2022-04-01 06:00:00
5064403;1270;2022-04-01 12:00:00
5064403;1200;2022-04-02 06:00:00
5064403;1300;2022-04-04 06:00:00
5064403;1700;2022-04-07 06:00:00
5064403;1700;2022-04-07 12:00:00
5064403;1500;2022-04-08 06:00:00
5064403;1700;2022-04-09 06:00:00
5064403;2400;2022-04-23 06:00:00
5064403;2000;2022-04-23 12:00:00
5064403;1300;2022-04-24 06:00:00
5064403;1700;2022-04-25 06:00:00
5064403;2200;2022-05-01 06:00:00
5064403;2400;2022-05-03 06:00:00
5064403;2400;2022-05-03 12:00:00
5064403;2200;2022-05-04 06:00:00
5064403;2800;2022-06-09 06:00:00
5064403;2800;2022-06-24 12:00:00
5079400;1500;2021-12-10 06:00:00
5079400;1500;2021-12-10 12:00:00
5079400;1500;2021-12-11 06:00:00
5079400;1700;2021-12-25 06:00:00
5079400;1500;2021-12-25 12:00:00
5079400;1500;2021-12-26 06:00:00
5079400;1500;2021-12-27 12:00:00
5079400;1500;2021-12-28 06:00:00
5079400;1500;2021-12-28 12:00:00
5079400;2100;2021-12-29 12:00:00
5079400;1500;2022-01-05 06:00:00
5079400;1500;2022-01-05 12:00:00
5079400;1500;2022-01-08 06:00:00
5079400;1500;2022-01-09 06:00:00
5079400;1500;2022-01-09 12:00:00
5079400;1500;2022-01-10 06:00:00
5079400;2100;2022-02-07 06:00:00
5079400;2100;2022-02-11 06:00:00
5079400;2100;2022-02-11 12:00:00
5079400;1500;2022-02-14 06:00:00
5079400;1500;2022-02-14 12:00:00
5079400;1500;2022-02-15 06:00:00
5079400;1500;2022-02-16 12:00:00
5079400;1800;2022-02-19 06:00:00
5079400;1500;2022-02-21 06:00:00
5079400;1500;2022-02-21 12:00:00
5079400;1500;2022-02-22 06:00:00
5079400;1500;2022-03-12 06:00:00
5079400;1500;2022-03-12 12:00:00
5079400;1500;2022-03-13 06:00:00
5079400;1500;2022-03-13 12:00:00
5079400;1500;2022-03-14 06:00:00
5079400;1500;2022-03-15 06:00:00
5079400;1600;2022-03-30 06:00:00
5079400;1600;2022-03-30 12:00:00
5079400;1600;2022-04-01 06:00:00
5079400;1500;2022-04-02 06:00:00
5079400;1500;2022-04-04 06:00:00
5079400;1800;2022-04-07 12:00:00
5079400;2100;2022-04-08 06:00:00
5079400;1800;2022-04-08 12:00:00
5079400;1900;2022-04-09 06:00:00
5085403;2100;2021-12-25 06:00:00
5085403;1800;2021-12-26 06:00:00
5085403;1300;2021-12-28 06:00:00
5085403;2350;2021-12-29 06:00:00
5085403;2400;2021-12-30 06:00:00
5085403;1800;2022-01-05 06:00:00
5085403;1300;2022-01-08 06:00:00
5085403;1300;2022-01-09 06:00:00
5085403;1300;2022-01-10 06:00:00
5085403;1300;2022-02-01 06:00:00
5085403;1400;2022-02-13 06:00:00
5085403;1300;2022-02-14 06:00:00
5085403;1200;2022-02-15 06:00:00
5085403;1800;2022-02-21 06:00:00
5085403;1800;2022-02-22 06:00:00
5085403;1800;2022-03-12 06:00:00
5085403;1800;2022-03-13 06:00:00
5085403;1400;2022-03-14 06:00:00
5085403;1650;2022-03-15 06:00:00
5085403;1800;2022-03-20 06:00:00
5085403;1800;2022-03-30 06:00:00
5085403;1900;2022-03-31 06:00:00
5085403;2150;2022-04-01 06:00:00
5085403;1300;2022-04-02 06:00:00
5085403;1750;2022-04-07 06:00:00
5085403;1850;2022-04-08 06:00:00
5085403;2400;2022-04-09 06:00:00
5085403;2000;2022-04-10 06:00:00
5096402;1100;2021-12-08 12:00:00
5096402;750;2021-12-10 12:00:00
5096402;750;2021-12-11 06:00:00
5096402;1900;2021-12-24 06:00:00
5096402;1800;2021-12-27 12:00:00
5096402;1450;2021-12-28 06:00:00
5096402;2300;2021-12-29 06:00:00
5096402;2500;2021-12-29 12:00:00
5096402;2600;2021-12-30 06:00:00
5096402;1400;2022-01-05 06:00:00
5096402;1200;2022-01-08 06:00:00
5096402;1100;2022-01-09 06:00:00
5096402;1100;2022-01-09 12:00:00
5096402;1600;2022-01-10 06:00:00
5096402;1800;2022-02-13 06:00:00
5096402;1400;2022-02-14 06:00:00
5096402;1000;2022-02-15 06:00:00
5096402;1700;2022-02-21 06:00:00
5096402;1300;2022-02-22 06:00:00
5096402;1500;2022-02-28 06:00:00
5096402;1800;2022-03-13 06:00:00
5096402;1300;2022-03-14 06:00:00
5096402;1850;2022-03-15 06:00:00
5096402;1600;2022-03-30 06:00:00
5096402;1900;2022-03-31 06:00:00
5096402;1200;2022-04-02 06:00:00
5096402;1200;2022-04-04 06:00:00
5096402;2200;2022-04-08 06:00:00
5096402;1600;2022-04-08 12:00:00
5096402;2100;2022-04-09 06:00:00
5098402;2400;2021-12-24 06:00:00
5098402;2700;2021-12-25 06:00:00
5098402;1800;2021-12-25 12:00:00
5098402;1600;2021-12-27 12:00:00
5098402;1800;2021-12-28 06:00:00
5098402;2100;2021-12-29 06:00:00
5098402;1650;2022-01-08 12:00:00
5098402;1650;2022-01-09 06:00:00
5098402;1650;2022-01-10 06:00:00
5098402;1895;2022-02-14 06:00:00
5098402;1000;2022-02-15 06:00:00
5098402;1900;2022-02-21 06:00:00
5098402;1650;2022-02-22 06:00:00
5098402;1600;2022-03-13 06:00:00
5098402;1100;2022-03-14 06:00:00
5098402;1800;2022-03-15 06:00:00
5098402;1650;2022-03-29 06:00:00
5098402;1600;2022-04-01 06:00:00
5098402;1400;2022-04-02 06:00:00
5098402;1600;2022-04-04 06:00:00
5098402;2200;2022-04-08 06:00:00
5101400;1500;2021-11-04 06:00:00
5101400;1500;2021-11-26 06:00:00
5101400;1270;2021-11-27 06:00:00
5101400;1270;2021-11-28 06:00:00
5101400;1200;2021-11-29 06:00:00
5101400;2200;2021-12-25 06:00:00
5101400;2100;2021-12-26 06:00:00
5101400;2000;2021-12-27 06:00:00
5101400;1200;2021-12-28 06:00:00
5101400;2000;2021-12-29 06:00:00
5101400;2200;2021-12-30 06:00:00
5101400;1500;2022-01-05 06:00:00
5101400;1270;2022-01-08 06:00:00
5101400;1270;2022-01-09 06:00:00
5101400;1270;2022-01-10 06:00:00
5101400;1270;2022-02-14 06:00:00
5101400;1270;2022-02-15 06:00:00
5101400;1270;2022-02-22 06:00:00
5101400;1270;2022-03-13 06:00:00
5101400;1270;2022-03-14 06:00:00
5101400;1500;2022-03-15 06:00:00
5101400;1500;2022-03-30 06:00:00
5101400;1270;2022-04-09 06:00:00
5101400;2300;2022-04-21 06:00:00
5101400;1700;2022-04-23 06:00:00
5101400;1270;2022-04-24 06:00:00
5110400;1800;2021-12-24 12:00:00
5110400;1800;2021-12-25 06:00:00
5110400;1800;2021-12-25 12:00:00
5110400;1800;2021-12-26 06:00:00
5110400;1200;2021-12-28 06:00:00
5110400;1400;2021-12-28 12:00:00
5110400;2500;2021-12-29 06:00:00
5110400;2300;2021-12-29 12:00:00
5110400;2300;2021-12-30 06:00:00
5110400;1400;2022-01-08 06:00:00
5110400;1400;2022-01-08 12:00:00
5110400;1400;2022-01-09 06:00:00
5110400;1400;2022-01-09 12:00:00
5110400;1400;2022-01-10 06:00:00
5110400;1200;2022-02-14 06:00:00
5110400;1200;2022-02-14 12:00:00
5110400;1200;2022-02-15 06:00:00
5110400;1400;2022-02-21 06:00:00
5110400;1400;2022-02-21 12:00:00
5110400;1200;2022-02-22 06:00:00
5110400;1600;2022-03-12 06:00:00
5110400;1400;2022-03-13 06:00:00
5110400;1400;2022-03-13 12:00:00
5110400;1200;2022-03-14 06:00:00
5110400;1800;2022-03-15 06:00:00
5110400;1600;2022-03-30 06:00:00
5110400;1900;2022-03-30 12:00:00
5110400;2100;2022-03-31 06:00:00
5110400;1800;2022-04-01 06:00:00
5110400;1400;2022-04-02 06:00:00
5110400;1600;2022-04-04 06:00:00
5110400;1800;2022-04-07 06:00:00
5110400;2000;2022-04-07 12:00:00
5110400;1900;2022-04-08 06:00:00
5110400;2300;2022-04-08 12:00:00
5110400;1800;2022-04-09 06:00:00
5114402;2100;2021-12-24 06:00:00
5114402;1800;2021-12-25 06:00:00
5114402;2100;2021-12-26 06:00:00
5114402;1500;2021-12-28 06:00:00
5114402;2400;2021-12-29 06:00:00
5114402;2400;2021-12-30 06:00:00
5114402;2100;2022-01-05 06:00:00
5114402;1200;2022-01-06 06:00:00
5114402;1200;2022-01-08 06:00:00
5114402;1200;2022-01-09 06:00:00
5114402;1500;2022-02-11 06:00:00
5114402;1600;2022-02-14 06:00:00
5114402;1000;2022-02-15 06:00:00
5114402;1200;2022-02-21 06:00:00
5114402;1200;2022-02-28 06:00:00
5114402;1600;2022-03-14 06:00:00
5114402;2100;2022-03-15 06:00:00
5119402;1850;2021-12-27 06:00:00
5119402;1200;2021-12-28 06:00:00
5119402;2100;2021-12-29 06:00:00
5119402;2500;2021-12-30 06:00:00
5119402;1000;2022-01-08 06:00:00
5119402;1850;2022-01-09 06:00:00
5119402;1850;2022-01-10 06:00:00
5119402;1200;2022-02-14 06:00:00
5119402;1000;2022-02-15 06:00:00
5119402;1850;2022-02-21 06:00:00
5119402;1200;2022-02-22 06:00:00
5119402;1850;2022-03-06 06:00:00
5119402;1850;2022-03-13 06:00:00
5119402;1200;2022-03-14 06:00:00
5119402;1850;2022-03-20 06:00:00
5119402;1600;2022-04-01 06:00:00
5119402;1200;2022-04-02 06:00:00
5119402;2010;2022-04-08 06:00:00
5133400;1900;2021-12-24 12:00:00
5133400;1900;2021-12-25 06:00:00
5133400;1350;2021-12-25 12:00:00
5133400;1900;2021-12-26 06:00:00
5133400;1350;2021-12-27 12:00:00
5133400;1200;2021-12-28 06:00:00
5133400;1800;2021-12-28 12:00:00
5133400;2200;2021-12-29 06:00:00
5133400;2400;2021-12-29 12:00:00
5133400;2400;2021-12-30 06:00:00
5133400;1350;2022-01-05 06:00:00
5133400;1200;2022-01-08 06:00:00
5133400;1200;2022-01-08 12:00:00
5133400;1200;2022-01-09 12:00:00
5133400;1200;2022-01-10 06:00:00
5133400;1200;2022-02-01 06:00:00
5133400;1200;2022-02-07 06:00:00
5133400;1200;2022-02-14 06:00:00
5133400;1350;2022-02-14 12:00:00
5133400;1200;2022-02-15 06:00:00
5133400;1800;2022-02-16 12:00:00
5133400;1800;2022-02-17 06:00:00
5133400;1200;2022-02-21 06:00:00
5133400;1200;2022-02-21 12:00:00
5133400;1200;2022-02-22 06:00:00
5133400;1350;2022-03-12 06:00:00
5133400;1200;2022-03-13 06:00:00
5133400;1200;2022-03-13 12:00:00
5133400;1200;2022-03-14 06:00:00
5133400;1900;2022-03-30 06:00:00
5133400;1900;2022-03-30 12:00:00
5133400;1350;2022-04-01 06:00:00
5133400;1200;2022-04-02 06:00:00
5133400;1900;2022-04-04 06:00:00
5133400;2000;2022-04-08 06:00:00
5133400;2200;2022-04-08 12:00:00
5133400;2000;2022-04-09 06:00:00
5133400;1350;2022-04-10 06:00:00
5133400;1900;2022-04-23 06:00:00
5133400;1900;2022-04-24 06:00:00
5139405;2000;2021-12-25 06:00:00
5139405;1700;2021-12-25 12:00:00
5139405;1700;2021-12-27 06:00:00
5139405;1400;2021-12-27 12:00:00
5139405;2500;2021-12-28 06:00:00
5139405;2500;2021-12-29 06:00:00
5139405;2500;2021-12-29 12:00:00
5139405;2500;2021-12-30 06:00:00
5139405;1500;2022-01-06 06:00:00
5139405;1500;2022-01-08 06:00:00
5139405;1500;2022-01-08 12:00:00
5139405;1500;2022-01-09 06:00:00
5139405;1500;2022-01-10 06:00:00
5139405;1500;2022-01-20 06:00:00
5139405;1500;2022-02-01 06:00:00
5139405;1500;2022-02-07 06:00:00
5139405;1500;2022-02-14 06:00:00
5139405;1500;2022-02-14 12:00:00
5139405;1500;2022-02-15 06:00:00
5139405;1500;2022-02-16 06:00:00
5139405;1500;2022-02-16 12:00:00
5139405;2300;2022-02-17 06:00:00
5139405;1500;2022-02-21 06:00:00
5139405;1500;2022-02-21 12:00:00
5139405;1500;2022-02-22 06:00:00
5139405;1500;2022-03-13 06:00:00
5139405;1500;2022-03-13 12:00:00
5139405;1500;2022-03-14 06:00:00
5139405;2200;2022-03-15 06:00:00
5139405;1900;2022-03-20 12:00:00
5139405;1600;2022-03-21 06:00:00
5139405;2000;2022-03-30 06:00:00
5139405;2000;2022-03-30 12:00:00
5139405;1500;2022-04-02 06:00:00
5139405;1500;2022-04-03 06:00:00
5139405;1500;2022-04-04 06:00:00
5139405;1600;2022-04-07 06:00:00
5139405;2500;2022-04-09 06:00:00
5139405;1500;2022-04-10 06:00:00
5157400;1700;2021-12-25 06:00:00
5157400;2000;2022-01-09 06:00:00
5157400;2000;2022-02-21 06:00:00
5157400;1600;2022-03-15 06:00:00
5157400;2000;2022-03-20 06:00:00
5177402;2250;2021-12-24 06:00:00
5177402;1600;2021-12-25 12:00:00
5177402;1600;2021-12-26 06:00:00
5177402;1500;2021-12-28 06:00:00
5177402;2200;2021-12-29 06:00:00
5177402;1000;2022-01-08 06:00:00
5177402;1000;2022-01-09 06:00:00
5177402;1600;2022-01-09 12:00:00
5177402;1300;2022-02-14 06:00:00
5177402;1300;2022-02-14 12:00:00
5177402;1650;2022-02-21 06:00:00
5177402;1000;2022-02-22 06:00:00
5177402;1700;2022-03-11 12:00:00
5177402;1650;2022-03-12 06:00:00
5177402;1650;2022-03-12 12:00:00
5177402;1500;2022-03-13 06:00:00
5177402;1500;2022-03-13 12:00:00
5177402;2000;2022-03-30 06:00:00
5177402;1600;2022-03-30 12:00:00
5177402;1600;2022-03-31 06:00:00
5177402;2000;2022-04-01 06:00:00
5177402;1800;2022-04-01 12:00:00
5177402;1200;2022-04-02 06:00:00
5177402;1500;2022-04-02 12:00:00
5177402;1500;2022-04-03 06:00:00
5177402;1500;2022-04-03 12:00:00
5177402;1400;2022-04-04 06:00:00
5177402;1900;2022-04-07 06:00:00
5177402;1900;2022-04-07 12:00:00
5177402;2200;2022-04-08 06:00:00
5177402;2200;2022-04-08 12:00:00
5177402;1700;2022-04-09 12:00:00
6056400;2700;2021-08-24 06:00:00
6056400;2000;2021-08-25 06:00:00
6056400;2700;2021-08-26 06:00:00
6056400;1800;2021-09-04 06:00:00
6056400;2600;2021-09-05 06:00:00
6073405;1912;2021-08-04 06:00:00
6073405;1910;2021-09-15 06:00:00
6073405;1910;2021-09-16 06:00:00
6073405;2600;2021-09-21 06:00:00
6073405;1910;2021-11-03 06:00:00
6073405;2000;2021-11-04 06:00:00
6073405;1910;2021-11-10 06:00:00
6073405;1910;2021-11-15 06:00:00
6073405;1100;2021-11-25 06:00:00
6073405;1800;2021-11-26 06:00:00
6073405;1870;2021-12-08 06:00:00
6073405;1910;2021-12-08 12:00:00
6073405;1910;2021-12-09 06:00:00
6073405;1910;2021-12-10 06:00:00
6073405;1910;2021-12-25 12:00:00
6073405;1910;2021-12-26 06:00:00
6073405;1910;2021-12-27 12:00:00
6073405;1800;2021-12-28 06:00:00
6073405;1910;2022-01-09 06:00:00
6073405;1910;2022-02-14 06:00:00
6073405;1910;2022-02-14 12:00:00
6073405;1910;2022-03-05 06:00:00
6073405;1910;2022-03-12 12:00:00
6073405;1910;2022-03-13 06:00:00
6073405;1910;2022-03-13 12:00:00
6073405;1910;2022-03-14 06:00:00
6073405;1910;2022-03-15 06:00:00
6073405;1910;2022-03-30 06:00:00
6073405;1910;2022-03-30 12:00:00
6073405;1910;2022-03-31 06:00:00
6073405;1910;2022-04-01 06:00:00
6073405;1910;2022-04-02 06:00:00
6073405;1910;2022-04-02 12:00:00
6073405;1910;2022-04-03 06:00:00
6073405;1910;2022-04-07 06:00:00
6073405;0;2022-04-08 12:00:00
6073405;1910;2022-04-22 06:00:00
6094400;1600;2021-12-22 06:00:00
6094400;1800;2021-12-25 12:00:00
6094400;1600;2021-12-28 06:00:00
6094400;1450;2022-01-09 06:00:00
6094400;1400;2022-02-14 06:00:00
6094400;1400;2022-02-15 06:00:00
6120400;1600;2021-12-25 06:00:00
6120400;1600;2021-12-27 12:00:00
6120400;1900;2021-12-28 06:00:00
6120400;2000;2022-01-05 06:00:00
6120400;1300;2022-01-09 06:00:00
6120400;1100;2022-02-14 06:00:00
6120400;900;2022-02-14 12:00:00
6120400;900;2022-02-15 06:00:00
6120400;1300;2022-03-13 06:00:00
6120400;1300;2022-03-13 12:00:00
6120400;1000;2022-03-14 06:00:00
6120400;1900;2022-03-15 06:00:00
6120400;1900;2022-03-30 06:00:00
6120400;1900;2022-03-30 12:00:00
6120400;1900;2022-03-31 06:00:00
6120400;1800;2022-04-01 06:00:00
6120400;1300;2022-04-02 06:00:00
6120400;1100;2022-04-02 12:00:00
6120400;1100;2022-04-04 06:00:00
6163400;1550;2021-11-25 06:00:00
9023400;1500;2021-12-27 06:00:00
9023400;1500;2021-12-28 06:00:00
9023400;1500;2021-12-29 06:00:00
9023400;1500;2022-01-06 06:00:00
9023400;1500;2022-01-08 06:00:00
9023400;1500;2022-01-09 06:00:00
9023400;1500;2022-01-10 06:00:00
9023400;1500;2022-01-21 06:00:00
9023400;1500;2022-02-01 06:00:00
9023400;1500;2022-02-02 06:00:00
9023400;1500;2022-02-05 06:00:00
9023400;1500;2022-02-06 06:00:00
9023400;1500;2022-02-14 06:00:00
9023400;1500;2022-02-15 06:00:00
9023400;1500;2022-02-16 06:00:00
9023400;1500;2022-02-19 06:00:00
9023400;1500;2022-02-20 06:00:00
9023400;1500;2022-02-21 06:00:00
9023400;1500;2022-02-22 06:00:00
9023400;1500;2022-02-25 06:00:00
9023400;1500;2022-02-28 06:00:00
9023400;1500;2022-03-03 06:00:00
9023400;1500;2022-03-04 06:00:00
9023400;1500;2022-03-05 06:00:00
9023400;1500;2022-03-06 06:00:00
9023400;1500;2022-03-12 06:00:00
9023400;1500;2022-03-13 06:00:00
9023400;1500;2022-03-14 06:00:00
9023400;1500;2022-03-15 06:00:00
9023400;1500;2022-03-20 06:00:00
9032402;2400;2021-12-28 06:00:00
9032402;1200;2022-01-08 06:00:00
9032402;1400;2022-01-09 06:00:00
9032402;1700;2022-01-20 06:00:00
9032402;1715;2022-01-21 06:00:00
9032402;1400;2022-02-01 06:00:00
9032402;1500;2022-02-06 06:00:00
9032402;1800;2022-02-08 06:00:00
9032402;1000;2022-02-15 06:00:00
9032402;2000;2022-02-16 06:00:00
9032402;2000;2022-02-17 06:00:00
9032402;1200;2022-02-19 06:00:00
9032402;1500;2022-03-03 06:00:00
9032402;1400;2022-03-05 06:00:00
9032402;1715;2022-03-09 06:00:00
9032402;1400;2022-03-12 06:00:00
9032402;2500;2022-03-15 06:00:00
9032402;1400;2022-03-31 06:00:00
9032402;1400;2022-04-01 06:00:00
9032402;300;2022-04-02 06:00:00
9070400;1700;2021-12-06 06:00:00
9070400;1800;2021-12-07 06:00:00
9070400;1700;2021-12-08 06:00:00
9070400;1789;2021-12-09 06:00:00
9070400;1800;2021-12-10 06:00:00
9070400;1800;2021-12-11 06:00:00
9070400;1800;2021-12-12 06:00:00
9070400;1800;2021-12-27 06:00:00
9070400;1800;2021-12-28 06:00:00
9070400;1800;2021-12-28 12:00:00
9070400;1800;2021-12-29 06:00:00
9070400;1800;2021-12-29 12:00:00
9070400;1800;2022-01-05 06:00:00
9070400;1800;2022-01-06 06:00:00
9070400;1700;2022-01-08 06:00:00
9070400;1700;2022-01-09 06:00:00
9070400;1800;2022-01-09 12:00:00
9070400;1800;2022-01-10 06:00:00
9070400;1800;2022-01-11 06:00:00
9070400;1750;2022-01-21 06:00:00
9070400;1800;2022-02-01 06:00:00
9070400;1800;2022-02-02 06:00:00
9070400;1800;2022-02-05 06:00:00
9070400;1800;2022-02-08 06:00:00
9070400;1800;2022-02-12 06:00:00
9070400;1800;2022-02-15 06:00:00
9070400;1800;2022-02-16 06:00:00
9070400;1900;2022-02-17 06:00:00
9070400;1500;2022-02-19 06:00:00
9070400;1750;2022-02-20 06:00:00
9070400;1800;2022-02-21 06:00:00
9070400;1789;2022-02-22 06:00:00
9070400;1800;2022-02-25 06:00:00
9070400;1750;2022-02-26 06:00:00
9070400;1700;2022-03-03 06:00:00
9070400;1800;2022-03-04 06:00:00
9070400;1789;2022-03-06 06:00:00
9070400;1750;2022-03-09 06:00:00
9070400;1800;2022-03-13 06:00:00
9070400;1800;2022-03-14 06:00:00
9070400;1800;2022-03-18 06:00:00
9070400;1750;2022-03-19 06:00:00
9070400;1800;2022-03-30 06:00:00
9070400;1780;2022-03-31 06:00:00
9070400;1789;2022-04-01 06:00:00
9070400;1800;2022-04-02 06:00:00
9070400;1800;2022-04-03 06:00:00
9135400;1400;2022-01-06 06:00:00
9135400;1450;2022-01-07 06:00:00
9135400;1000;2022-01-08 06:00:00
9135400;1450;2022-01-09 06:00:00
9135400;1500;2022-01-20 06:00:00
9135400;1500;2022-02-14 06:00:00
9135400;1300;2022-02-15 06:00:00
9135400;2200;2022-02-17 06:00:00
9135400;1600;2022-03-03 06:00:00
9135400;1450;2022-03-05 06:00:00
9193400;1500;2021-12-28 06:00:00
9193400;2000;2021-12-28 12:00:00
9193400;2500;2021-12-29 12:00:00
9193400;1300;2022-01-08 06:00:00
9193400;1530;2022-01-08 12:00:00
9193400;1600;2022-01-09 06:00:00
9193400;1200;2022-01-09 12:00:00
9193400;1200;2022-01-21 06:00:00
9193400;1500;2022-02-06 06:00:00
9193400;1500;2022-02-07 06:00:00
9193400;1500;2022-02-14 06:00:00
9193400;1530;2022-02-15 06:00:00
9193400;1530;2022-02-15 12:00:00
9193400;1900;2022-02-16 06:00:00
9193400;2000;2022-02-17 06:00:00
9193400;1200;2022-02-19 06:00:00
9193400;1200;2022-02-19 12:00:00
9193400;1500;2022-02-25 06:00:00
9193400;1500;2022-02-25 12:00:00
9193400;1000;2022-03-09 06:00:00
9206400;1500;2021-12-03 06:00:00
9206400;1900;2021-12-04 06:00:00
9206400;1900;2021-12-05 06:00:00
9206400;1500;2021-12-06 06:00:00
9206400;1450;2021-12-09 06:00:00
9206400;1500;2021-12-10 06:00:00
9206400;1500;2021-12-11 06:00:00
9206400;2000;2021-12-27 06:00:00
9206400;1950;2021-12-28 06:00:00
9206400;2500;2021-12-30 06:00:00
9206400;1500;2022-01-05 06:00:00
9206400;1500;2022-01-08 06:00:00
9206400;1800;2022-01-09 06:00:00
9206400;1500;2022-01-10 06:00:00
9206400;1500;2022-01-11 06:00:00
9206400;1450;2022-02-01 06:00:00
9206400;2200;2022-02-02 06:00:00
9206400;1600;2022-02-05 06:00:00
9206400;1500;2022-02-06 06:00:00
9206400;1700;2022-02-07 06:00:00
9206400;1600;2022-02-08 06:00:00
9206400;1800;2022-02-11 06:00:00
9206400;1800;2022-02-12 06:00:00
9206400;1500;2022-02-14 06:00:00
9206400;1472;2022-02-15 06:00:00
9206400;2000;2022-02-17 06:00:00
9206400;1500;2022-02-19 06:00:00
9206400;1400;2022-02-20 06:00:00
9206400;1600;2022-02-21 06:00:00
9206400;1650;2022-03-03 06:00:00
9206400;1500;2022-03-04 06:00:00
9206400;1500;2022-03-05 06:00:00
9206400;1400;2022-03-06 06:00:00
9206400;1400;2022-03-07 06:00:00
9206400;1400;2022-03-09 06:00:00
9206400;1500;2022-03-12 06:00:00
9206400;1400;2022-03-13 06:00:00
9206400;1400;2022-03-14 06:00:00
9206400;1900;2022-03-17 06:00:00
9206400;1800;2022-03-18 06:00:00
9290400;1800;2021-10-04 06:00:00
9290400;2200;2021-10-23 06:00:00
9290400;2400;2021-11-02 06:00:00
9290400;1400;2021-11-03 06:00:00
9290400;1200;2021-11-04 06:00:00
9290400;1000;2021-11-05 06:00:00
9290400;1000;2021-11-06 06:00:00
9290400;1000;2021-11-08 06:00:00
9290400;1300;2021-11-15 06:00:00
9290400;1000;2021-11-17 06:00:00
9290400;1100;2021-11-18 06:00:00
9290400;1000;2021-11-24 06:00:00
9290400;1000;2021-11-25 06:00:00
9290400;1200;2021-11-27 06:00:00
9290400;1000;2021-12-04 06:00:00
9290400;1000;2021-12-05 06:00:00
9290400;1000;2021-12-06 06:00:00
9290400;1000;2021-12-09 06:00:00
9290400;1000;2022-01-04 06:00:00
9290400;1000;2022-01-04 12:00:00
9290400;1000;2022-01-08 06:00:00
9290400;1000;2022-01-20 06:00:00
9290400;1000;2022-02-16 06:00:00
9290400;1010;2022-02-19 06:00:00
9290400;1200;2022-02-25 06:00:00
9290400;1200;2022-02-26 06:00:00
9290400;1300;2022-03-03 06:00:00
9290400;1500;2022-03-04 06:00:00
9290400;1400;2022-03-05 06:00:00
9290400;1000;2022-03-06 06:00:00
9290400;1000;2022-03-07 06:00:00
9290400;1100;2022-03-12 06:00:00
9290400;1000;2022-03-14 06:00:00
9290400;1000;2022-04-02 06:00:00
9290400;1000;2022-04-03 06:00:00
9290400;1000;2022-04-04 06:00:00
9290400;1000;2022-04-25 06:00:00
9290400;1000;2022-05-04 06:00:00
9290400;1000;2022-05-05 06:00:00
9290400;1000;2022-05-09 06:00:00
9290400;1600;2022-05-25 06:00:00
9290400;1600;2022-05-26 06:00:00
20007400;800;2022-02-26 12:00:00
20007400;800;2022-03-01 12:00:00
20023400;1000;2022-02-16 12:00:00
31042400;2000;2021-12-28 06:00:00
31042400;2200;2021-12-29 06:00:00
31042400;2200;2021-12-30 06:00:00
31042400;1400;2022-01-05 06:00:00
31042400;1500;2022-01-08 06:00:00
31042400;1800;2022-01-11 06:00:00
31042400;1800;2022-01-20 06:00:00
31042400;1400;2022-02-01 06:00:00
31042400;1600;2022-02-08 06:00:00
31042400;1500;2022-02-11 06:00:00
31042400;1500;2022-02-12 06:00:00
31042400;1400;2022-02-14 06:00:00
31042400;1400;2022-02-15 06:00:00
31042400;2000;2022-02-16 06:00:00
31042400;2100;2022-02-17 06:00:00
31042400;2000;2022-02-19 06:00:00
31042400;1800;2022-02-25 06:00:00
31042400;2000;2022-02-26 06:00:00
31042400;1800;2022-03-03 06:00:00
31042400;1500;2022-03-04 06:00:00
31042400;1800;2022-03-06 06:00:00
31042400;1400;2022-03-07 06:00:00
31042400;1400;2022-03-09 06:00:00
31042400;1800;2022-03-12 06:00:00
31085400;1400;2021-11-03 06:00:00
31085400;1450;2021-11-04 06:00:00
31085400;1450;2021-11-08 06:00:00
31085400;1450;2021-11-16 06:00:00
31085400;1450;2021-11-25 06:00:00
31085400;1450;2021-11-26 06:00:00
31085400;1450;2021-11-28 06:00:00
31085400;1450;2021-11-29 06:00:00
31085400;1450;2021-12-03 06:00:00
31085400;1800;2021-12-04 06:00:00
31085400;700;2021-12-05 06:00:00
31085400;1450;2021-12-08 06:00:00
31085400;1450;2021-12-10 06:00:00
31085400;1450;2021-12-11 06:00:00
31085400;1450;2021-12-12 06:00:00
31085400;1850;2021-12-27 06:00:00
31085400;1850;2021-12-28 06:00:00
31085400;1850;2021-12-29 06:00:00
31085400;1850;2021-12-30 06:00:00
31085400;1450;2022-01-05 06:00:00
31085400;1450;2022-01-08 06:00:00
31085400;1400;2022-01-10 06:00:00
31085400;1800;2022-01-11 06:00:00
31085400;1450;2022-01-20 06:00:00
31085400;1450;2022-01-21 06:00:00
31085400;1850;2022-01-31 06:00:00
31085400;1850;2022-02-01 06:00:00
31085400;1850;2022-02-05 06:00:00
31085400;1850;2022-02-06 06:00:00
31085400;1850;2022-02-08 06:00:00
31085400;1450;2022-02-11 06:00:00
31085400;1850;2022-02-12 06:00:00
31085400;1850;2022-02-15 06:00:00
31085400;1450;2022-02-16 06:00:00
31085400;1850;2022-02-17 06:00:00
31085400;1850;2022-02-19 06:00:00
31085400;1400;2022-02-21 06:00:00
31085400;1850;2022-02-22 06:00:00
31085400;1850;2022-02-25 06:00:00
31085400;1400;2022-03-04 06:00:00
31085400;1400;2022-03-05 06:00:00
31085400;1450;2022-03-06 06:00:00
31085400;1450;2022-03-09 06:00:00
31085400;1450;2022-03-12 06:00:00
31085400;1400;2022-03-13 06:00:00
31085400;1800;2022-03-14 06:00:00
31085400;1850;2022-03-15 06:00:00
31085400;1800;2022-03-17 06:00:00
31085400;1450;2022-03-18 06:00:00
31085400;1450;2022-03-19 06:00:00
31221400;1800;2021-12-04 12:00:00
31221400;1000;2021-12-06 06:00:00
31221400;1800;2021-12-27 06:00:00
31221400;2000;2021-12-28 06:00:00
31221400;2000;2021-12-29 06:00:00
31221400;2200;2021-12-30 06:00:00
31221400;1500;2022-01-05 06:00:00
31221400;900;2022-01-06 06:00:00
31221400;1200;2022-01-07 06:00:00
31221400;1300;2022-01-08 06:00:00
31221400;1500;2022-01-09 06:00:00
31221400;2200;2022-01-10 06:00:00
31221400;1200;2022-01-11 06:00:00
31221400;1500;2022-01-20 06:00:00
31221400;1200;2022-01-21 06:00:00
31221400;1600;2022-02-01 06:00:00
31221400;1500;2022-02-02 06:00:00
31221400;2000;2022-02-05 06:00:00
31221400;1500;2022-02-06 06:00:00
31221400;1500;2022-02-14 06:00:00
31221400;850;2022-02-15 06:00:00
31221400;1500;2022-02-16 06:00:00
31221400;2400;2022-02-17 06:00:00
31221400;1600;2022-02-19 06:00:00
31221400;1500;2022-02-20 06:00:00
31221400;1500;2022-03-03 06:00:00
31221400;1600;2022-03-04 06:00:00
31221400;1500;2022-03-05 06:00:00
31221400;1500;2022-03-06 06:00:00
31221400;1500;2022-03-09 06:00:00
31221400;1500;2022-03-12 06:00:00
31221400;1500;2022-03-13 06:00:00
31221400;1500;2022-03-14 06:00:00
31221400;1500;2022-03-15 06:00:00
31221400;1700;2022-03-17 06:00:00
31221400;1800;2022-03-19 06:00:00
31508400;2100;2021-09-21 06:00:00
31508400;2200;2021-09-22 06:00:00
31508400;1700;2021-10-04 06:00:00
31508400;2000;2021-10-22 06:00:00
31508400;2400;2021-10-30 06:00:00
31508400;1300;2021-11-03 06:00:00
31508400;1200;2021-11-04 06:00:00
31508400;1200;2021-11-05 06:00:00
31508400;1100;2021-11-06 06:00:00
31508400;1100;2021-11-15 06:00:00
31508400;1300;2021-11-16 06:00:00
31508400;1400;2021-11-18 06:00:00
31508400;1500;2021-11-24 06:00:00
31508400;1200;2021-11-25 06:00:00
31508400;800;2021-11-28 06:00:00
31508400;600;2021-11-29 06:00:00
31508400;1300;2021-11-30 06:00:00
31508400;1300;2021-12-02 06:00:00
31508400;1200;2021-12-03 06:00:00
31508400;1200;2021-12-04 06:00:00
31508400;2000;2021-12-05 06:00:00
31508400;800;2021-12-06 06:00:00
31508400;1600;2021-12-07 06:00:00
31508400;1800;2021-12-08 06:00:00
31508400;1100;2021-12-09 06:00:00
31508400;1800;2021-12-10 06:00:00
31508400;1600;2021-12-11 06:00:00
31508400;1400;2021-12-12 06:00:00
31508400;2000;2021-12-27 06:00:00
31508400;2200;2021-12-28 06:00:00
31508400;2200;2021-12-29 06:00:00
31508400;2200;2021-12-30 06:00:00
31508400;1800;2022-01-05 06:00:00
31508400;1000;2022-01-06 06:00:00
31508400;1000;2022-01-08 06:00:00
31508400;1200;2022-01-09 06:00:00
31508400;1800;2022-01-10 06:00:00
31508400;1800;2022-01-11 06:00:00
31508400;1000;2022-01-20 06:00:00
31508400;1200;2022-01-21 06:00:00
31508400;1100;2022-02-01 06:00:00
31508400;1200;2022-02-06 06:00:00
31508400;1100;2022-02-14 06:00:00
31508400;1100;2022-02-15 06:00:00
31508400;1600;2022-02-16 06:00:00
31508400;1800;2022-02-17 06:00:00
31508400;1300;2022-02-19 06:00:00
31508400;1200;2022-02-20 06:00:00
31508400;1400;2022-02-26 06:00:00
31508400;1600;2022-03-03 06:00:00
31508400;1500;2022-03-05 06:00:00
31508400;1400;2022-03-06 06:00:00
31508400;1000;2022-03-07 06:00:00
31508400;1300;2022-03-09 06:00:00
31508400;1100;2022-03-12 06:00:00
31508400;1400;2022-03-14 06:00:00
31508400;1800;2022-03-18 06:00:00
31508400;1800;2022-03-19 06:00:00
31508400;1300;2022-03-31 06:00:00
31508400;1300;2022-04-01 06:00:00
31508400;600;2022-04-02 06:00:00
31508400;600;2022-04-03 06:00:00
31508400;1000;2022-04-04 06:00:00
31508400;1600;2022-04-14 06:00:00
31508400;1000;2022-04-20 06:00:00
31508400;1000;2022-04-21 06:00:00
31508400;1600;2022-04-23 06:00:00
31508400;1600;2022-04-24 06:00:00
31508400;2000;2022-05-09 06:00:00
31508400;1900;2022-05-26 06:00:00
38002406;1800;2021-12-25 06:00:00
38002406;1700;2021-12-26 06:00:00
38002406;1500;2021-12-27 06:00:00
38002406;1800;2021-12-28 06:00:00
38002406;2000;2022-01-05 06:00:00
38002406;2300;2022-02-17 06:00:00
38002406;1350;2022-02-21 06:00:00
38002406;1600;2022-03-14 06:00:00
38002406;2000;2022-03-15 06:00:00
38006400;1700;2021-12-26 06:00:00
38006400;1700;2021-12-27 06:00:00
38006400;2000;2021-12-29 06:00:00
38006400;2100;2021-12-30 06:00:00
38006400;1500;2022-01-05 06:00:00
38006400;1642;2022-01-06 06:00:00
38006400;450;2022-01-08 06:00:00
38006400;1500;2022-01-09 06:00:00
38006400;1400;2022-01-10 06:00:00
38006400;1642;2022-01-20 06:00:00
38006400;1350;2022-02-02 06:00:00
38006400;1600;2022-02-07 06:00:00
38006400;1600;2022-02-12 06:00:00
38006400;1400;2022-02-15 06:00:00
38006400;1400;2022-02-16 06:00:00
38006400;2300;2022-02-17 06:00:00
38006400;1400;2022-02-19 06:00:00
38006400;1645;2022-02-21 06:00:00
38006400;1400;2022-02-22 06:00:00
38006400;1600;2022-03-30 06:00:00
38006400;1500;2022-03-31 06:00:00
38006400;1500;2022-04-02 06:00:00
38006400;1500;2022-04-03 06:00:00
38020400;2000;2021-12-25 06:00:00
38020400;1800;2021-12-26 06:00:00
38020400;1600;2021-12-28 06:00:00
38020400;2700;2021-12-29 06:00:00
38020400;2200;2021-12-30 06:00:00
38020400;1200;2022-01-05 06:00:00
38020400;1300;2022-01-08 06:00:00
38020400;1600;2022-01-20 06:00:00
38020400;1600;2022-02-01 06:00:00
38020400;1600;2022-02-11 06:00:00
38020400;1400;2022-02-14 06:00:00
38020400;1600;2022-02-16 06:00:00
38020400;1600;2022-02-17 06:00:00
38020400;1800;2022-02-19 06:00:00
38020400;1600;2022-02-21 06:00:00
38020400;1600;2022-03-14 06:00:00
38020400;1700;2022-03-15 06:00:00
38020400;1600;2022-03-30 06:00:00
38020400;1700;2022-03-31 06:00:00
38020400;1600;2022-04-01 06:00:00
38020400;1600;2022-04-02 06:00:00
38020400;1000;2022-04-03 06:00:00
38020400;1860;2022-04-10 06:00:00
38020400;1860;2022-04-23 12:00:00
38186400;2300;2021-12-26 06:00:00
38186400;1700;2021-12-28 06:00:00
38186400;2300;2021-12-30 06:00:00
38186400;1250;2022-01-09 06:00:00
38186400;1200;2022-01-10 06:00:00
38186400;1200;2022-02-01 06:00:00
38186400;1400;2022-02-02 06:00:00
38186400;1400;2022-02-07 06:00:00
38186400;1200;2022-02-11 06:00:00
38186400;1250;2022-02-14 06:00:00
38186400;1800;2022-02-16 06:00:00
38186400;1800;2022-02-17 06:00:00
38186400;1350;2022-02-21 06:00:00
38186400;1200;2022-02-22 06:00:00
38191400;600;2021-11-29 06:00:00
38191400;1860;2021-11-29 12:00:00
38191400;1860;2021-11-30 06:00:00
38191400;1800;2021-12-02 06:00:00
38191400;740;2021-12-03 06:00:00
38191400;1860;2021-12-04 06:00:00
38191400;1860;2021-12-04 12:00:00
38191400;1860;2021-12-05 06:00:00
38191400;1860;2021-12-05 12:00:00
38191400;700;2021-12-06 06:00:00
38191400;700;2021-12-07 06:00:00
38191400;1800;2021-12-08 06:00:00
38191400;1800;2021-12-09 06:00:00
38191400;700;2021-12-10 06:00:00
38191400;700;2021-12-11 06:00:00
38191400;1860;2021-12-12 06:00:00
38191400;0;2021-12-16 12:00:00
38191400;1860;2021-12-24 12:00:00
38191400;1860;2021-12-25 06:00:00
38191400;1860;2021-12-26 06:00:00
38191400;1860;2021-12-26 12:00:00
38191400;1860;2021-12-27 12:00:00
38191400;1860;2021-12-28 06:00:00
38191400;1860;2021-12-28 12:00:00
38191400;2300;2021-12-29 06:00:00
38191400;2700;2021-12-29 12:00:00
38191400;3000;2021-12-30 06:00:00
38191400;0;2022-01-04 12:00:00
38191400;1860;2022-01-05 06:00:00
38191400;720;2022-01-08 06:00:00
38191400;700;2022-01-08 12:00:00
38191400;700;2022-01-09 06:00:00
38191400;1800;2022-01-09 12:00:00
38191400;700;2022-01-10 06:00:00
38191400;1860;2022-01-20 06:00:00
38191400;1860;2022-01-31 12:00:00
38191400;1860;2022-02-01 06:00:00
38191400;800;2022-02-07 06:00:00
38191400;1860;2022-02-07 12:00:00
38191400;1860;2022-02-11 06:00:00
38191400;1400;2022-02-14 06:00:00
38191400;1860;2022-02-14 12:00:00
38191400;1860;2022-02-15 06:00:00
38191400;1860;2022-02-15 12:00:00
38191400;1860;2022-02-16 06:00:00
38191400;1860;2022-02-16 12:00:00
38191400;1860;2022-02-17 06:00:00
38191400;1860;2022-02-17 12:00:00
38191400;1860;2022-02-19 06:00:00
38191400;1500;2022-02-21 06:00:00
38191400;1860;2022-02-21 12:00:00
38191400;1000;2022-02-22 06:00:00
38191400;1860;2022-02-25 06:00:00
38191400;1860;2022-03-13 12:00:00
38191400;1300;2022-03-14 06:00:00
38191400;1860;2022-03-15 06:00:00
38191400;1860;2022-03-30 06:00:00
38191400;1860;2022-03-31 12:00:00
38191400;1860;2022-04-01 06:00:00
38191400;1860;2022-04-01 12:00:00
38191400;720;2022-04-02 06:00:00
38191400;1860;2022-04-03 06:00:00
38191400;1860;2022-04-04 06:00:00
38191400;1860;2022-04-07 06:00:00
38191400;1860;2022-04-07 12:00:00
38191400;2100;2022-04-08 06:00:00
38191400;1860;2022-04-08 12:00:00
38191400;1860;2022-04-09 06:00:00
38191400;1860;2022-04-09 12:00:00
38191400;2500;2022-04-21 06:00:00
38191400;1860;2022-04-23 12:00:00
38191400;1400;2022-04-24 06:00:00
38191408;2500;2022-02-17 06:00:00
38205400;1800;2021-12-25 06:00:00
38205400;1400;2021-12-27 06:00:00
38205400;1400;2021-12-28 06:00:00
38205400;1800;2021-12-30 06:00:00
38205400;1400;2022-01-05 06:00:00
38205400;1400;2022-01-06 06:00:00
38205400;1400;2022-01-09 06:00:00
38205400;1400;2022-01-10 06:00:00
38205400;1400;2022-01-12 06:00:00
38205400;900;2022-01-20 06:00:00
38205400;1400;2022-02-02 06:00:00
38205400;1400;2022-02-03 06:00:00
38205400;1800;2022-02-07 06:00:00
38205400;1400;2022-02-11 06:00:00
38205400;1400;2022-02-12 06:00:00
38205400;1400;2022-02-14 12:00:00
38205400;1400;2022-02-15 12:00:00
38205400;1400;2022-02-16 06:00:00
38205400;1800;2022-02-16 12:00:00
38205400;2000;2022-02-17 06:00:00
38205400;1400;2022-02-20 06:00:00
38205400;1400;2022-02-22 06:00:00
38253400;1600;2021-11-25 06:00:00
38253400;900;2021-11-29 06:00:00
38253400;1000;2021-12-06 06:00:00
38253400;1600;2021-12-08 06:00:00
38253400;1600;2021-12-09 06:00:00
38253400;1600;2021-12-09 12:00:00
38253400;500;2021-12-11 06:00:00
38253400;1800;2021-12-24 12:00:00
38253400;1650;2021-12-25 06:00:00
38253400;1650;2021-12-27 12:00:00
38253400;2500;2021-12-29 06:00:00
38253400;2400;2021-12-29 12:00:00
38253400;2600;2021-12-30 06:00:00
38253400;1650;2022-01-05 06:00:00
38253400;1650;2022-01-05 12:00:00
38253400;1650;2022-01-10 06:00:00
38253400;1600;2022-01-20 06:00:00
38253400;1600;2022-02-01 06:00:00
38253400;1600;2022-02-02 06:00:00
38253400;1600;2022-02-07 06:00:00
38253400;1600;2022-02-11 06:00:00
38253400;1650;2022-02-14 06:00:00
38253400;1650;2022-02-14 12:00:00
38253400;1650;2022-02-15 06:00:00
38253400;1650;2022-02-15 12:00:00
38253400;1650;2022-02-16 06:00:00
38253400;1650;2022-02-16 12:00:00
38253400;2200;2022-02-17 06:00:00
38253400;1650;2022-02-21 06:00:00
38253400;1650;2022-02-21 12:00:00
38253400;1650;2022-02-22 06:00:00
38253400;1200;2022-03-13 12:00:00
38253400;1650;2022-03-14 06:00:00
38253400;2000;2022-03-30 06:00:00
38253400;1650;2022-03-31 06:00:00
38253400;1650;2022-04-04 06:00:00
38253400;1800;2022-04-07 06:00:00
38253400;2000;2022-04-07 12:00:00
38253400;2000;2022-04-08 06:00:00
38253400;2000;2022-04-08 12:00:00
38253400;2000;2022-04-09 06:00:00
38253400;1650;2022-04-10 06:00:00
38253400;1700;2022-04-21 06:00:00
38253400;2200;2022-04-21 12:00:00
38253400;2200;2022-04-22 06:00:00
38253400;2100;2022-04-23 12:00:00
38253400;2100;2022-04-24 06:00:00
38253400;2590;2022-04-25 06:00:00
38253407;3200;2022-06-06 06:00:00
38253407;2600;2022-06-09 06:00:00
38253407;2600;2022-06-10 06:00:00
38253407;3500;2022-06-13 06:00:00
38253407;4100;2022-06-19 06:00:00
38253407;3200;2022-06-24 06:00:00
38253407;3200;2022-06-25 06:00:00
38253407;3200;2022-07-01 06:00:00
38264400;2000;2021-12-25 06:00:00
38264400;1600;2021-12-26 06:00:00
38264400;2000;2021-12-29 06:00:00
38264400;2000;2021-12-30 06:00:00
38264400;1350;2022-01-05 06:00:00
38264400;1350;2022-01-05 12:00:00
38264400;1300;2022-01-06 06:00:00
38264400;1300;2022-01-08 06:00:00
38264400;1300;2022-01-09 06:00:00
38264400;1300;2022-01-09 12:00:00
38264400;1350;2022-01-20 06:00:00
38264400;1350;2022-02-02 06:00:00
38264400;1600;2022-02-07 06:00:00
38264400;1380;2022-02-11 06:00:00
38264400;1380;2022-02-11 12:00:00
38264400;1500;2022-02-12 06:00:00
38264400;1300;2022-02-15 06:00:00
38264400;1300;2022-02-16 06:00:00
38264400;1300;2022-02-22 06:00:00
38264400;1700;2022-03-14 06:00:00
38264400;2000;2022-03-15 06:00:00
38289401;1900;2021-12-24 12:00:00
38289401;1900;2021-12-25 06:00:00
38289401;1350;2021-12-26 06:00:00
38289401;1350;2021-12-27 12:00:00
38289401;2100;2021-12-28 06:00:00
38289401;2100;2021-12-28 12:00:00
38289401;2500;2021-12-29 06:00:00
38289401;2600;2021-12-29 12:00:00
38289401;2500;2021-12-30 06:00:00
38289401;1100;2022-01-05 06:00:00
38289401;750;2022-01-08 06:00:00
38289401;1350;2022-01-09 06:00:00
38289401;1350;2022-01-09 12:00:00
38289401;1350;2022-01-10 06:00:00
38289401;1350;2022-01-20 06:00:00
38289401;1350;2022-02-01 06:00:00
38289401;1350;2022-02-02 06:00:00
38289401;1500;2022-02-07 06:00:00
38289401;1500;2022-02-11 06:00:00
38289401;1400;2022-02-11 12:00:00
38289401;1350;2022-02-14 12:00:00
38289401;1350;2022-02-15 06:00:00
38289401;1350;2022-02-15 12:00:00
38289401;1200;2022-02-16 06:00:00
38289401;2100;2022-02-17 06:00:00
38289401;1900;2022-02-19 06:00:00
38289401;1350;2022-02-21 06:00:00
38289401;1350;2022-02-21 12:00:00
38289401;1800;2022-03-13 12:00:00
38289401;1500;2022-03-14 06:00:00
38289401;1900;2022-03-15 06:00:00
38289401;1600;2022-03-30 06:00:00
38289401;1600;2022-03-31 06:00:00
38289401;1350;2022-04-01 06:00:00
38289401;1350;2022-04-03 06:00:00
38289401;2000;2022-04-08 06:00:00
38289401;1350;2022-04-09 06:00:00
38289401;1350;2022-04-09 12:00:00
38375400;3000;2021-08-04 06:00:00
38375400;2900;2021-08-05 06:00:00
38375400;3100;2021-08-08 06:00:00
38375400;3000;2021-08-13 06:00:00
38375400;3000;2021-08-25 06:00:00
38375400;3100;2021-08-26 06:00:00
38375400;3000;2021-09-05 06:00:00
38375400;3000;2021-09-10 06:00:00
38375400;3000;2021-09-11 06:00:00
38375400;3300;2021-09-15 06:00:00
38375400;3000;2021-09-16 06:00:00
38375400;3000;2021-09-17 06:00:00
38375400;2400;2021-09-19 06:00:00
38375400;2500;2021-09-20 06:00:00
38375400;2400;2021-09-26 06:00:00
38375400;2400;2021-09-27 06:00:00
38375400;2800;2021-09-29 06:00:00
38375400;1600;2021-10-04 06:00:00
38375400;2500;2021-10-05 06:00:00
38375400;1800;2021-10-06 06:00:00
38375400;2800;2021-10-21 06:00:00
38375400;2800;2021-10-30 06:00:00
38375400;2800;2021-10-31 06:00:00
38375400;2100;2021-11-01 06:00:00
38375400;1800;2021-11-02 06:00:00
38375400;1700;2021-11-03 06:00:00
38375400;2560;2021-11-14 06:00:00
38375400;1500;2021-11-25 06:00:00
38375400;1560;2021-11-26 06:00:00
38375400;1560;2021-11-27 06:00:00
38375400;1560;2021-11-28 06:00:00
38375400;1560;2021-11-29 06:00:00
38375400;1600;2021-11-30 06:00:00
38375400;1560;2021-12-02 06:00:00
38375400;1560;2021-12-03 06:00:00
38375400;1560;2021-12-04 06:00:00
38375400;1800;2021-12-05 06:00:00
38375400;1560;2021-12-06 06:00:00
38375400;1560;2021-12-07 06:00:00
38375400;1560;2021-12-08 06:00:00
38375400;1560;2021-12-09 06:00:00
38375400;1560;2021-12-10 06:00:00
38375400;1560;2021-12-11 06:00:00
38375400;1600;2021-12-25 06:00:00
38375400;1750;2021-12-26 06:00:00
38375400;1560;2021-12-28 06:00:00
38375400;1560;2021-12-29 06:00:00
38375400;2400;2021-12-30 06:00:00
38375400;1560;2022-01-05 06:00:00
38375400;1560;2022-01-08 06:00:00
38375400;1560;2022-01-09 06:00:00
38375400;1560;2022-01-10 06:00:00
38375400;1560;2022-01-20 06:00:00
38375400;1560;2022-02-01 06:00:00
38375400;1560;2022-02-02 06:00:00
38375400;1560;2022-02-07 06:00:00
38375400;1560;2022-02-11 06:00:00
38375400;1500;2022-02-12 06:00:00
38375400;1560;2022-02-14 06:00:00
38375400;1560;2022-02-15 06:00:00
38375400;1500;2022-02-16 06:00:00
38375400;1560;2022-02-18 06:00:00
38375400;1560;2022-02-19 06:00:00
38375400;1560;2022-02-21 06:00:00
38375400;1560;2022-02-22 06:00:00
38375400;1600;2022-03-14 06:00:00
38375400;1600;2022-03-15 06:00:00
38375400;1600;2022-03-18 06:00:00
38375400;1600;2022-03-30 06:00:00
38375400;1600;2022-03-31 06:00:00
38375400;1500;2022-04-01 06:00:00
38375400;1560;2022-04-02 06:00:00
38375400;1560;2022-04-03 06:00:00
38375400;1700;2022-04-07 06:00:00
38375400;1560;2022-04-09 06:00:00
38375400;2700;2022-04-21 06:00:00
38375400;1560;2022-04-24 06:00:00
38375400;2000;2022-04-25 06:00:00
38375400;1500;2022-05-05 06:00:00
38375400;1560;2022-05-07 06:00:00
38375400;1560;2022-05-08 06:00:00
38375400;1560;2022-05-09 06:00:00
38375400;1560;2022-05-10 06:00:00
38375400;1560;2022-05-16 06:00:00
38375400;1560;2022-05-17 06:00:00
38375400;2000;2022-05-19 06:00:00
38375400;2000;2022-05-23 06:00:00
38375400;2000;2022-05-25 06:00:00
38375400;2500;2022-05-27 06:00:00
38375400;2000;2022-06-02 06:00:00
38375400;2500;2022-06-03 06:00:00
38375400;2500;2022-06-04 06:00:00
38375400;2600;2022-06-06 06:00:00
38375400;3000;2022-06-07 06:00:00
38375400;2600;2022-06-09 06:00:00
38375400;3000;2022-06-21 06:00:00
38375400;3000;2022-06-22 06:00:00
38375400;3000;2022-06-23 06:00:00
38375400;3000;2022-06-24 06:00:00
38375400;3000;2022-06-25 06:00:00
38375400;1600;2022-06-28 06:00:00
38375400;3000;2022-06-29 06:00:00
38375400;3000;2022-07-04 06:00:00
38375400;3000;2022-07-21 06:00:00
38375400;3000;2022-07-29 06:00:00
38375400;3700;2022-07-30 06:00:00
38375403;3000;2021-08-04 06:00:00
38375403;3300;2021-08-04 12:00:00
38375403;3100;2021-08-05 06:00:00
38442400;900;2022-02-01 06:00:00
38442400;1650;2022-02-07 06:00:00
38442400;1500;2022-02-11 06:00:00
38442400;1100;2022-02-11 12:00:00
38442400;1500;2022-02-12 06:00:00
38442400;1400;2022-02-14 12:00:00
38442400;800;2022-02-15 06:00:00
38442400;1000;2022-02-16 06:00:00
38442400;2000;2022-02-17 06:00:00
38442400;1700;2022-02-18 06:00:00
38442400;1100;2022-02-20 06:00:00
38442400;1100;2022-02-20 12:00:00
38442400;800;2022-02-22 06:00:00
38442400;1500;2022-02-25 06:00:00
38527400;1900;2021-12-25 06:00:00
38527400;1800;2021-12-26 06:00:00
38527400;2100;2021-12-28 06:00:00
38527400;2100;2021-12-28 12:00:00
38527400;2500;2021-12-29 06:00:00
38527400;2800;2021-12-30 06:00:00
38527400;1650;2022-01-05 06:00:00
38527400;1650;2022-01-08 06:00:00
38527400;1200;2022-01-08 12:00:00
38527400;1000;2022-01-09 06:00:00
38527400;1650;2022-01-09 12:00:00
38527400;1500;2022-01-31 12:00:00
38527400;1250;2022-02-01 06:00:00
38527400;1200;2022-02-07 06:00:00
38527400;1500;2022-02-11 06:00:00
38527400;1650;2022-02-14 06:00:00
38527400;1250;2022-02-14 12:00:00
38527400;1500;2022-02-15 06:00:00
38527400;1600;2022-02-16 06:00:00
38527400;1800;2022-02-16 12:00:00
38527400;2300;2022-02-17 06:00:00
38527400;2100;2022-02-17 12:00:00
38527400;1650;2022-02-19 06:00:00
38527400;1650;2022-02-21 06:00:00
38527400;1650;2022-02-21 12:00:00
38527400;1650;2022-02-25 06:00:00
38527400;1500;2022-03-14 06:00:00
38527400;2000;2022-03-15 06:00:00
38527400;1700;2022-03-31 06:00:00
38527400;1500;2022-04-01 06:00:00
38527400;1500;2022-04-01 12:00:00
38527400;1700;2022-04-03 06:00:00
38527400;1500;2022-04-07 06:00:00
38527400;2200;2022-04-08 06:00:00
38527400;2000;2022-04-08 12:00:00
38527400;1500;2022-04-09 06:00:00
38548400;1000;2021-12-11 06:00:00
38548400;1000;2021-12-12 06:00:00
38548400;2200;2021-12-25 06:00:00
38548400;1700;2021-12-26 06:00:00
38548400;1800;2021-12-28 06:00:00
38548400;2200;2021-12-29 06:00:00
38548400;2000;2021-12-30 06:00:00
38548400;900;2022-01-05 06:00:00
38548400;900;2022-01-06 06:00:00
38548400;900;2022-01-08 06:00:00
38548400;1000;2022-01-10 06:00:00
38548400;1000;2022-01-20 06:00:00
38548400;1000;2022-02-01 06:00:00
38548400;1700;2022-02-02 06:00:00
38548400;1400;2022-02-07 06:00:00
38548400;1500;2022-02-08 06:00:00
38548400;1002;2022-02-11 06:00:00
38548400;1500;2022-02-15 06:00:00
38548400;1400;2022-02-16 06:00:00
38548400;2000;2022-02-17 06:00:00
38548400;1400;2022-02-21 06:00:00
38548400;1400;2022-02-22 06:00:00
38548400;1600;2022-02-25 06:00:00
38548400;1300;2022-03-14 06:00:00
38548400;1005;2022-03-30 06:00:00
38548400;1600;2022-03-31 06:00:00
38548400;1800;2022-04-01 06:00:00
38548400;900;2022-04-02 06:00:00
38548400;900;2022-04-03 06:00:00
38548400;1700;2022-04-07 06:00:00
38548400;1900;2022-04-09 06:00:00
38548400;1000;2022-04-10 06:00:00
38567407;2000;2021-12-24 12:00:00
38567407;1900;2021-12-25 06:00:00
38567407;1650;2021-12-26 06:00:00
38567407;1900;2021-12-26 12:00:00
38567407;2250;2021-12-28 06:00:00
38567407;2250;2021-12-29 06:00:00
38567407;2250;2021-12-30 06:00:00
38567407;600;2022-01-05 06:00:00
38567407;1000;2022-01-08 06:00:00
38567407;500;2022-02-01 06:00:00
38567407;1600;2022-02-16 06:00:00
38567407;2200;2022-02-16 12:00:00
38567407;2200;2022-02-17 06:00:00
38567407;1400;2022-02-21 12:00:00
38567407;1400;2022-03-13 06:00:00
38567407;2000;2022-03-15 06:00:00
38567407;1600;2022-03-30 06:00:00
38567407;1000;2022-04-01 06:00:00
38567407;800;2022-04-02 06:00:00
64040400;2000;2021-12-04 06:00:00
64040400;1400;2021-12-06 06:00:00
64040400;1850;2021-12-07 06:00:00
64040400;1600;2021-12-08 06:00:00
64040400;1950;2021-12-25 06:00:00
64040400;2300;2021-12-27 06:00:00
64040400;2100;2021-12-28 06:00:00
64040400;2150;2021-12-29 06:00:00
64040400;2300;2021-12-30 06:00:00
64040400;1200;2022-01-05 06:00:00
64040400;1650;2022-01-06 06:00:00
64040400;1650;2022-01-07 06:00:00
64040400;1650;2022-01-08 06:00:00
64040400;1650;2022-01-09 06:00:00
64040400;2200;2022-01-10 06:00:00
64040400;2000;2022-01-11 06:00:00
64040400;1650;2022-01-20 06:00:00
64040400;1200;2022-01-21 06:00:00
64040400;1500;2022-01-22 06:00:00
64040400;1650;2022-02-01 06:00:00
64040400;1900;2022-02-05 06:00:00
64040400;1300;2022-02-06 06:00:00
64040400;2000;2022-02-07 06:00:00
64040400;2000;2022-02-08 06:00:00
64040400;2100;2022-02-11 06:00:00
64040400;1650;2022-02-12 06:00:00
64040400;1200;2022-02-14 06:00:00
64040400;900;2022-02-15 06:00:00
64040400;2150;2022-02-16 06:00:00
64040400;2000;2022-02-17 06:00:00
64040400;1800;2022-02-19 06:00:00
64040400;1500;2022-02-20 06:00:00
64040400;2150;2022-02-21 06:00:00
64040400;2000;2022-02-22 06:00:00
64040400;1400;2022-02-25 06:00:00
64040400;1650;2022-02-26 06:00:00
64040400;1650;2022-02-27 06:00:00
64040400;1400;2022-03-03 06:00:00
64040400;1650;2022-03-04 06:00:00
64040400;1650;2022-03-05 06:00:00
64040400;1500;2022-03-06 06:00:00
64040400;1500;2022-03-08 06:00:00
64040400;1650;2022-03-09 06:00:00
64040400;1650;2022-03-10 06:00:00
64040400;1650;2022-03-11 06:00:00
64040400;1650;2022-03-12 06:00:00
64040400;1500;2022-03-13 06:00:00
64040400;1650;2022-03-17 06:00:00
64040400;1650;2022-03-18 06:00:00
64040400;2000;2022-03-30 06:00:00
64040400;1500;2022-03-31 06:00:00
64040400;900;2022-04-01 06:00:00
64040400;700;2022-04-02 06:00:00
64040400;800;2022-04-03 06:00:00
64040400;1900;2022-04-08 06:00:00
64040400;2000;2022-04-09 06:00:00
64316400;1400;2022-02-21 06:00:00
64320404;2000;2021-12-07 06:00:00
64320404;2000;2021-12-08 06:00:00
64320404;1000;2021-12-09 06:00:00
64320404;1800;2021-12-10 06:00:00
64320404;1600;2021-12-11 06:00:00
64320404;2000;2021-12-12 06:00:00
64320404;1700;2021-12-25 06:00:00
64320404;2200;2021-12-27 06:00:00
64320404;2000;2021-12-28 06:00:00
64320404;3000;2021-12-29 06:00:00
64320404;2500;2021-12-30 06:00:00
64320404;2400;2022-01-05 06:00:00
64320404;1400;2022-01-07 06:00:00
64320404;1400;2022-01-08 06:00:00
64320404;1400;2022-01-09 06:00:00
64320404;1400;2022-01-20 06:00:00
64320404;1400;2022-01-21 06:00:00
64320404;1400;2022-01-22 06:00:00
64320404;1400;2022-02-01 06:00:00
64320404;1600;2022-02-05 06:00:00
64320404;1400;2022-02-06 06:00:00
64320404;2400;2022-02-07 06:00:00
64320404;2400;2022-02-12 06:00:00
64320404;1400;2022-02-14 06:00:00
64320404;1400;2022-02-15 06:00:00
64320404;2200;2022-02-16 06:00:00
64320404;2400;2022-02-17 06:00:00
64320404;2400;2022-02-19 06:00:00
64320404;1400;2022-02-20 06:00:00
64320404;1800;2022-02-21 06:00:00
64320404;1600;2022-02-25 06:00:00
64320404;1400;2022-02-26 06:00:00
64320404;1800;2022-02-27 06:00:00
64320404;1700;2022-03-02 06:00:00
64320404;1700;2022-03-03 06:00:00
64320404;2200;2022-03-04 06:00:00
64320404;1400;2022-03-05 06:00:00
64320404;1400;2022-03-06 06:00:00
64320404;1500;2022-03-09 06:00:00
64320404;1500;2022-03-10 06:00:00
64320404;1600;2022-03-11 06:00:00
64320404;1700;2022-03-12 06:00:00
64320404;1400;2022-03-13 06:00:00
64320404;1400;2022-03-14 06:00:00
64320404;1600;2022-03-15 06:00:00
64320404;1700;2022-03-17 06:00:00
64320404;1700;2022-03-18 06:00:00
64320404;1800;2022-03-19 06:00:00
64320404;2000;2022-03-20 06:00:00
64320404;2450;2022-03-30 06:00:00
64320404;1400;2022-03-31 06:00:00
64320404;1400;2022-04-01 06:00:00
64320404;1400;2022-04-02 06:00:00
64320404;1400;2022-04-03 06:00:00
65017400;2000;2021-12-04 12:00:00
65017400;1800;2021-12-05 06:00:00
65017400;2000;2021-12-07 06:00:00
65017400;2000;2021-12-08 06:00:00
65017400;1000;2021-12-09 06:00:00
65017400;2400;2021-12-10 06:00:00
65017400;1800;2021-12-25 06:00:00
65017400;2300;2021-12-27 06:00:00
65017400;1800;2021-12-28 06:00:00
65017400;1100;2022-01-05 06:00:00
65017400;1000;2022-04-02 06:00:00
65017400;1850;2022-04-09 06:00:00
65017400;2300;2022-04-12 06:00:00
65017400;2200;2022-04-13 06:00:00
65017400;2000;2022-04-14 06:00:00
65099400;1000;2021-12-11 12:00:00
65099400;2000;2021-12-27 06:00:00
65099400;2000;2021-12-28 06:00:00
65099400;2000;2021-12-30 06:00:00
65099400;1600;2022-01-05 06:00:00
65099400;1000;2022-01-08 06:00:00
65099400;1200;2022-01-09 06:00:00
65099400;2000;2022-01-10 06:00:00
65099400;1000;2022-01-20 06:00:00
65099400;1300;2022-01-21 06:00:00
65099400;1450;2022-01-22 06:00:00
65099400;1500;2022-02-01 06:00:00
65099400;1500;2022-02-05 06:00:00
65099400;1400;2022-02-06 06:00:00
65099400;1450;2022-02-11 06:00:00
65099400;1450;2022-02-12 06:00:00
65099400;1000;2022-02-14 06:00:00
65099400;1000;2022-02-15 06:00:00
65099400;1900;2022-02-16 06:00:00
65099400;1000;2022-02-19 06:00:00
65099400;1300;2022-02-20 06:00:00
65099400;1350;2022-02-25 06:00:00
65099400;1700;2022-03-03 06:00:00
65099400;1400;2022-03-04 06:00:00
65099400;1750;2022-03-05 06:00:00
65099400;1400;2022-03-06 06:00:00
65099400;1450;2022-03-07 06:00:00
65099400;1600;2022-03-09 06:00:00
65099400;1450;2022-03-12 06:00:00
65099400;1450;2022-03-13 06:00:00
65099400;1450;2022-03-14 06:00:00
65099400;1700;2022-03-15 06:00:00
65099400;1900;2022-03-18 06:00:00
65138402;1000;2021-12-02 06:00:00
65138402;800;2021-12-03 06:00:00
65138402;1900;2021-12-04 06:00:00
65138402;700;2021-12-06 06:00:00
65138402;2800;2021-12-07 06:00:00
65138402;1800;2021-12-08 06:00:00
65138402;1000;2021-12-09 06:00:00
65138402;2000;2021-12-10 06:00:00
65138402;1000;2021-12-11 06:00:00
65138402;1900;2021-12-25 06:00:00
65138402;2200;2021-12-27 06:00:00
65138402;2500;2021-12-29 06:00:00
65138402;2500;2021-12-30 06:00:00
65138402;900;2022-01-05 06:00:00
65138402;1700;2022-01-07 06:00:00
65138402;1700;2022-01-08 06:00:00
65138402;1700;2022-01-09 06:00:00
65138402;2400;2022-01-10 06:00:00
65138402;1800;2022-01-11 06:00:00
65138402;900;2022-01-20 06:00:00
65138402;900;2022-01-21 06:00:00
65138402;1100;2022-02-01 06:00:00
65138402;1700;2022-02-05 06:00:00
65138402;1800;2022-02-06 06:00:00
65138402;1850;2022-02-07 06:00:00
65138402;2400;2022-02-12 06:00:00
65138402;900;2022-02-14 06:00:00
65138402;750;2022-02-15 06:00:00
65138402;2000;2022-02-16 06:00:00
65138402;1000;2022-02-19 06:00:00
65138402;1850;2022-02-21 06:00:00
65138402;1700;2022-03-03 06:00:00
65138402;1400;2022-03-04 06:00:00
65138402;1800;2022-03-05 06:00:00
65138402;1100;2022-03-06 06:00:00
65138402;1400;2022-03-07 06:00:00
65138402;1400;2022-03-08 06:00:00
65138402;1300;2022-03-09 06:00:00
65138402;1600;2022-03-10 06:00:00
65138402;1800;2022-03-11 06:00:00
65138402;1200;2022-03-12 06:00:00
65138402;1300;2022-03-13 06:00:00
65138402;2000;2022-03-17 06:00:00
65138402;1700;2022-03-18 06:00:00
65138402;1800;2022-03-30 06:00:00
65138402;1000;2022-03-31 06:00:00
65138402;500;2022-04-01 06:00:00
65138402;600;2022-04-02 06:00:00
65138402;500;2022-04-03 06:00:00
65138402;1800;2022-04-09 06:00:00
65138402;1800;2022-04-10 06:00:00
65138402;2200;2022-04-12 06:00:00
65138402;1900;2022-04-13 06:00:00
65138402;2400;2022-04-14 06:00:00
65138402;900;2022-04-20 06:00:00
65138402;1900;2022-04-22 06:00:00
65138402;1850;2022-04-24 06:00:00
65188400;2000;2021-12-27 06:00:00
65188400;1800;2021-12-28 06:00:00
65188400;1800;2022-01-05 06:00:00
65188400;1800;2022-01-06 06:00:00
65188400;1800;2022-01-07 06:00:00
65188400;1800;2022-01-08 06:00:00
65188400;1800;2022-01-09 06:00:00
65188400;1800;2022-01-10 06:00:00
65188400;1350;2022-01-20 06:00:00
65188400;1350;2022-01-21 06:00:00
65188400;1800;2022-02-01 06:00:00
65188400;2400;2022-02-02 06:00:00
65188400;1700;2022-02-05 06:00:00
65188400;1800;2022-02-06 06:00:00
65188400;1800;2022-02-07 06:00:00
65188400;1850;2022-02-12 06:00:00
65188400;1800;2022-02-14 06:00:00
65188400;1850;2022-02-15 06:00:00
65188400;1850;2022-02-16 06:00:00
65188400;2200;2022-02-17 06:00:00
65188400;1850;2022-02-19 06:00:00
65188400;1850;2022-02-21 06:00:00
65188400;1700;2022-02-25 06:00:00
65188400;1850;2022-03-02 06:00:00
65188400;1800;2022-03-03 06:00:00
65188400;1850;2022-03-04 06:00:00
65188400;1800;2022-03-05 06:00:00
65188400;1800;2022-03-06 06:00:00
65188400;1850;2022-03-07 06:00:00
65188400;1800;2022-03-08 06:00:00
65188400;1800;2022-03-09 06:00:00
65188400;1830;2022-03-10 06:00:00
65188400;1800;2022-03-11 06:00:00
65188400;1500;2022-03-12 06:00:00
65188400;1850;2022-03-13 06:00:00
65295400;2000;2021-12-25 06:00:00
65295400;2200;2021-12-27 06:00:00
65295400;2200;2021-12-27 12:00:00
65295400;2500;2021-12-28 06:00:00
65295400;2500;2021-12-29 06:00:00
65295400;2500;2021-12-30 06:00:00
65295400;1950;2022-01-05 06:00:00
65295400;1700;2022-01-06 06:00:00
65295400;1700;2022-01-08 06:00:00
65295400;1900;2022-01-09 06:00:00
65295400;1800;2022-01-11 06:00:00
65295400;1500;2022-01-20 06:00:00
65295400;1700;2022-01-21 06:00:00
65295400;1750;2022-02-01 06:00:00
65295400;1800;2022-02-07 06:00:00
65295400;1750;2022-02-14 06:00:00
65295400;1750;2022-02-15 06:00:00
65295400;2200;2022-02-16 06:00:00
65295400;2200;2022-02-17 06:00:00
65295400;1750;2022-02-19 06:00:00
65295400;1750;2022-02-21 06:00:00
65295400;1800;2022-02-22 06:00:00
65295400;1750;2022-02-26 06:00:00
65295400;1750;2022-03-03 06:00:00
65295400;1700;2022-03-04 06:00:00
65295400;1500;2022-03-05 06:00:00
65295400;1700;2022-03-07 06:00:00
65295400;1700;2022-03-08 06:00:00
65295400;1700;2022-03-10 06:00:00
65295400;1700;2022-03-11 06:00:00
65295400;1700;2022-03-12 06:00:00
65295400;1500;2022-03-13 06:00:00
65295400;1500;2022-03-14 06:00:00
65295400;1800;2022-03-15 06:00:00
65295400;1900;2022-03-18 06:00:00
65295400;1950;2022-04-13 06:00:00
65295400;1850;2022-04-14 06:00:00
65295400;1850;2022-04-20 06:00:00
65329400;1600;2021-11-15 06:00:00
65329400;1600;2021-11-17 06:00:00
65329400;1600;2021-11-23 06:00:00
65329400;1600;2021-11-24 06:00:00
65329400;1600;2021-11-25 06:00:00
65329400;1200;2021-11-26 06:00:00
65329400;500;2021-11-29 06:00:00
65329400;1300;2021-11-30 06:00:00
65329400;1600;2021-12-02 06:00:00
65329400;1500;2021-12-03 06:00:00
65329400;1600;2021-12-06 06:00:00
65329400;1600;2021-12-07 06:00:00
65329400;1700;2021-12-08 06:00:00
65329400;1600;2021-12-09 06:00:00
65329400;1600;2021-12-10 06:00:00
65329400;1600;2021-12-11 06:00:00
65329400;1600;2021-12-27 06:00:00
65329400;1600;2021-12-28 06:00:00
65329400;1600;2021-12-29 06:00:00
65329400;1800;2021-12-30 06:00:00
65329400;1600;2022-01-05 06:00:00
65329400;1400;2022-01-06 06:00:00
65329400;1400;2022-01-07 06:00:00
65329400;1500;2022-01-08 06:00:00
65329400;1600;2022-01-09 06:00:00
65329400;1600;2022-01-10 06:00:00
65329400;1600;2022-01-11 06:00:00
65329400;1600;2022-01-20 06:00:00
65329400;1600;2022-01-21 06:00:00
65329400;1600;2022-01-31 06:00:00
65329400;1600;2022-02-01 06:00:00
65329400;1600;2022-02-05 06:00:00
65329400;1600;2022-02-06 06:00:00
65329400;1600;2022-02-07 06:00:00
65329400;1600;2022-02-08 06:00:00
65329400;1800;2022-02-12 06:00:00
65329400;1600;2022-02-14 06:00:00
65329400;1600;2022-02-15 06:00:00
65329400;1600;2022-02-16 06:00:00
65329400;1800;2022-02-17 06:00:00
65329400;1600;2022-02-19 06:00:00
65329400;1500;2022-02-20 06:00:00
65329400;1600;2022-02-21 06:00:00
65329400;1600;2022-02-25 06:00:00
65329400;1600;2022-02-26 06:00:00
65329400;1600;2022-03-03 06:00:00
65329400;1600;2022-03-04 06:00:00
65329400;1590;2022-03-05 06:00:00
65329400;1500;2022-03-06 06:00:00
65329400;1600;2022-03-07 06:00:00
65329400;1500;2022-03-09 06:00:00
65329400;1600;2022-03-12 06:00:00
65329400;1600;2022-03-15 06:00:00
65329400;1600;2022-03-17 06:00:00
65329400;1600;2022-03-18 06:00:00
65329400;1700;2022-03-20 06:00:00
65388406;1900;2021-12-08 06:00:00
65388406;1700;2021-12-09 06:00:00
65388406;2200;2021-12-27 06:00:00
65388406;2500;2021-12-28 06:00:00
65388406;2500;2021-12-29 06:00:00
65388406;900;2022-01-05 06:00:00
65388406;1000;2022-01-06 06:00:00
65388406;800;2022-01-08 06:00:00
65388406;1300;2022-01-09 06:00:00
65388406;2800;2022-01-10 06:00:00
65388406;1000;2022-01-20 06:00:00
65388406;1500;2022-01-21 06:00:00
65388406;1400;2022-02-01 06:00:00
65388406;2100;2022-02-02 06:00:00
65388406;1500;2022-02-05 06:00:00
65388406;1600;2022-02-06 06:00:00
65388406;1000;2022-02-14 06:00:00
65388406;800;2022-02-15 06:00:00
65388406;2100;2022-02-16 06:00:00
65388406;2100;2022-02-17 06:00:00
65388406;1600;2022-02-20 06:00:00
65388406;1700;2022-02-25 06:00:00
65388406;1600;2022-03-03 06:00:00
65388406;1700;2022-03-04 06:00:00
65388406;1000;2022-03-06 06:00:00
65388406;1200;2022-03-08 06:00:00
65388406;800;2022-03-09 06:00:00
65388406;1700;2022-03-11 06:00:00
65388406;1600;2022-03-12 06:00:00
65388406;1600;2022-03-13 06:00:00
65388406;1500;2022-03-14 06:00:00
65388406;2400;2022-03-15 06:00:00
65388406;2100;2022-03-17 06:00:00
65388406;2000;2022-03-18 06:00:00
65388406;2000;2022-03-30 06:00:00
65388406;2000;2022-03-31 06:00:00
65481400;1900;2021-12-08 06:00:00
65481400;2400;2021-12-25 06:00:00
65481400;2000;2021-12-27 06:00:00
65481400;2500;2021-12-28 06:00:00
65481400;2500;2021-12-29 06:00:00
65481400;2500;2021-12-30 06:00:00
65481400;1450;2022-01-05 06:00:00
65481400;1450;2022-01-06 06:00:00
65481400;1450;2022-01-08 06:00:00
65481400;1450;2022-01-09 06:00:00
65481400;1200;2022-01-20 06:00:00
65481400;1200;2022-01-21 06:00:00
65481400;1700;2022-02-01 06:00:00
65481400;2500;2022-02-02 06:00:00
65481400;1400;2022-02-06 06:00:00
65481400;1700;2022-02-07 06:00:00
65481400;1700;2022-02-08 06:00:00
65481400;1450;2022-02-14 06:00:00
65481400;1450;2022-02-15 06:00:00
65481400;2000;2022-02-16 06:00:00
65481400;2000;2022-02-17 06:00:00
65481400;1700;2022-02-20 06:00:00
65481400;1700;2022-02-21 06:00:00
65481400;1450;2022-03-03 06:00:00
65481400;1450;2022-03-04 06:00:00
65481400;1450;2022-03-05 06:00:00
65481400;1400;2022-03-06 06:00:00
65481400;1800;2022-03-08 06:00:00
65481400;1400;2022-03-09 06:00:00
65481400;1400;2022-03-12 06:00:00
65481400;1500;2022-03-13 06:00:00
65481400;1800;2022-03-14 06:00:00
65481400;2300;2022-03-15 06:00:00
65481400;2000;2022-03-17 06:00:00
65481400;1900;2022-03-30 06:00:00
65481400;1400;2022-03-31 06:00:00
65481400;1450;2022-04-01 12:00:00
66004401;2000;2021-12-27 06:00:00
66004401;2250;2021-12-27 12:00:00
66004401;2400;2021-12-29 06:00:00
66004401;2100;2021-12-30 06:00:00
66004401;2108;2022-01-07 12:00:00
66004401;2100;2022-01-08 06:00:00
66004401;2200;2022-01-08 12:00:00
66004401;2000;2022-01-09 06:00:00
66004401;0;2022-01-22 12:00:00
66004401;0;2022-01-23 12:00:00
66004401;0;2022-02-08 12:00:00
66004401;2100;2022-02-14 06:00:00
66004401;2100;2022-02-14 12:00:00
66004401;1500;2022-02-15 06:00:00
66004401;1500;2022-02-15 12:00:00
66004401;1600;2022-02-16 06:00:00
66004401;1500;2022-02-28 06:00:00
66004401;1550;2022-03-03 06:00:00
66004401;1900;2022-03-04 12:00:00
66004401;1550;2022-03-09 06:00:00
66004401;1800;2022-03-12 06:00:00
66004401;1500;2022-03-12 12:00:00
66004401;2108;2022-03-17 12:00:00
66004401;2200;2022-03-18 12:00:00
66004401;2000;2022-03-30 12:00:00
66004401;1600;2022-04-03 06:00:00
66082400;1600;2022-01-08 06:00:00
66082400;1600;2022-01-10 06:00:00
66082400;1600;2022-01-31 06:00:00
66082400;2200;2022-02-16 06:00:00
66082400;1600;2022-02-19 06:00:00
66082400;1600;2022-03-09 06:00:00
66147402;2000;2021-12-05 06:00:00
66147402;1700;2021-12-07 06:00:00
66147402;1600;2021-12-08 06:00:00
66147402;1600;2021-12-27 06:00:00
66147402;2100;2021-12-27 12:00:00
66147402;2500;2021-12-28 06:00:00
66147402;2500;2021-12-28 12:00:00
66147402;2500;2021-12-29 06:00:00
66147402;2500;2021-12-30 06:00:00
66147402;1800;2022-01-05 06:00:00
66147402;1800;2022-01-05 12:00:00
66147402;1600;2022-01-06 06:00:00
66147402;2080;2022-01-07 12:00:00
66147402;2080;2022-01-08 06:00:00
66147402;2080;2022-01-09 06:00:00
66147402;2000;2022-01-09 12:00:00
66147402;2000;2022-01-11 06:00:00
66147402;1600;2022-01-20 06:00:00
66147402;1600;2022-01-21 06:00:00
66147402;1600;2022-01-31 12:00:00
66147402;1600;2022-02-05 06:00:00
66147402;2000;2022-02-14 06:00:00
66147402;2080;2022-02-15 06:00:00
66147402;2800;2022-02-15 12:00:00
66147402;2080;2022-02-16 06:00:00
66147402;2080;2022-02-17 06:00:00
66147402;2080;2022-02-20 06:00:00
66147402;2080;2022-02-25 06:00:00
66147402;2080;2022-02-25 12:00:00
66147402;1600;2022-03-03 06:00:00
66147402;1800;2022-03-04 06:00:00
66147402;1800;2022-03-05 06:00:00
66147402;1600;2022-03-06 06:00:00
66147402;2080;2022-03-07 06:00:00
66147402;1600;2022-03-09 06:00:00
66147402;1600;2022-03-11 06:00:00
66147402;1500;2022-03-12 06:00:00
66147402;2000;2022-03-13 06:00:00
66147402;1800;2022-03-18 06:00:00
66147402;1800;2022-03-20 06:00:00
66147402;1800;2022-03-21 06:00:00
66147402;2050;2022-03-21 12:00:00
66147402;2500;2022-03-27 06:00:00
73004400;1900;2021-12-25 06:00:00
73004400;1700;2021-12-26 06:00:00
73004400;1700;2021-12-27 06:00:00
73004400;1900;2021-12-30 06:00:00
73004400;1900;2022-01-04 06:00:00
73004400;1000;2022-02-01 06:00:00
73004400;1300;2022-02-12 06:00:00
73004400;1200;2022-02-15 06:00:00
73004400;1200;2022-02-19 06:00:00
73004400;1400;2022-02-25 06:00:00
73015400;400;2021-11-29 06:00:00
73015400;400;2021-11-30 06:00:00
73015400;800;2021-12-02 06:00:00
73015400;600;2021-12-03 06:00:00
73015400;1700;2021-12-04 06:00:00
73015400;1900;2021-12-05 06:00:00
73015400;600;2021-12-05 12:00:00
73015400;400;2021-12-06 06:00:00
73015400;500;2021-12-06 12:00:00
73015400;600;2021-12-07 06:00:00
73015400;800;2021-12-08 06:00:00
73015400;500;2021-12-08 12:00:00
73015400;400;2021-12-09 06:00:00
73015400;400;2021-12-09 12:00:00
73015400;400;2021-12-10 06:00:00
73015400;600;2021-12-10 12:00:00
73015400;600;2021-12-11 06:00:00
73015400;400;2021-12-12 06:00:00
73015400;1400;2021-12-26 06:00:00
73015400;2000;2021-12-28 06:00:00
73015400;1700;2021-12-28 12:00:00
73015400;2200;2021-12-29 06:00:00
73015400;2100;2021-12-29 12:00:00
73015400;3000;2021-12-30 06:00:00
73015400;900;2022-01-05 06:00:00
73015400;1700;2022-01-05 12:00:00
73015400;700;2022-01-06 06:00:00
73015400;300;2022-01-08 06:00:00
73015400;500;2022-01-09 06:00:00
73015400;600;2022-01-09 12:00:00
73015400;400;2022-01-10 06:00:00
73015400;1700;2022-01-20 06:00:00
73015400;1700;2022-01-21 06:00:00
73015400;700;2022-01-31 12:00:00
73015400;500;2022-02-01 06:00:00
73015400;2800;2022-02-02 06:00:00
73015400;1300;2022-02-07 06:00:00
73015400;800;2022-02-11 06:00:00
73015400;1100;2022-02-11 12:00:00
73015400;1100;2022-02-12 06:00:00
73015400;800;2022-02-15 06:00:00
73015400;800;2022-02-15 12:00:00
73015400;1000;2022-02-16 06:00:00
73015400;1200;2022-02-16 12:00:00
73015400;2200;2022-02-17 06:00:00
73015400;2100;2022-02-17 12:00:00
73015400;2100;2022-02-18 06:00:00
73015400;1200;2022-02-19 06:00:00
73015400;1700;2022-02-22 06:00:00
73015400;1000;2022-02-25 06:00:00
73015400;1200;2022-03-14 06:00:00
73015400;1600;2022-03-30 06:00:00
73015400;2000;2022-03-30 12:00:00
73015400;1700;2022-03-31 06:00:00
73015400;1500;2022-03-31 12:00:00
73015400;800;2022-04-01 06:00:00
73015400;600;2022-04-01 12:00:00
73015400;400;2022-04-03 06:00:00
73015400;1100;2022-04-04 06:00:00
73015400;1300;2022-04-07 06:00:00
73015400;2200;2022-04-08 06:00:00
73015400;1700;2022-04-09 06:00:00
73024400;300;2021-11-29 06:00:00
73024400;400;2021-11-30 06:00:00
73024400;1100;2021-12-02 06:00:00
73024400;300;2021-12-03 06:00:00
73024400;600;2021-12-07 06:00:00
73024400;1000;2021-12-08 06:00:00
73024400;1200;2021-12-09 06:00:00
73024400;350;2021-12-10 06:00:00
73024400;500;2021-12-11 06:00:00
73024400;1000;2021-12-12 06:00:00
73024400;1500;2021-12-25 06:00:00
73024400;1500;2021-12-26 06:00:00
73024400;1800;2021-12-28 06:00:00
73024400;2200;2021-12-29 06:00:00
73024400;1900;2022-01-05 06:00:00
73024400;400;2022-01-08 06:00:00
73024400;600;2022-01-09 06:00:00
73024400;600;2022-01-10 06:00:00
73024400;800;2022-02-01 06:00:00
73024400;2400;2022-02-02 06:00:00
73024400;1350;2022-02-05 06:00:00
73024400;1400;2022-02-07 06:00:00
73024400;1200;2022-02-11 06:00:00
73024400;1200;2022-02-12 06:00:00
73024400;900;2022-02-15 06:00:00
73024400;2400;2022-02-17 06:00:00
73024400;2000;2022-02-18 06:00:00
73024400;2000;2022-02-19 06:00:00
73024400;1300;2022-02-21 06:00:00
73024400;1350;2022-02-25 06:00:00
73024400;1300;2022-03-14 06:00:00
73024400;1800;2022-03-15 06:00:00
73024400;1700;2022-03-30 06:00:00
73024400;1700;2022-03-31 06:00:00
73024400;1600;2022-04-01 06:00:00
73024400;400;2022-04-02 06:00:00
73024400;500;2022-04-03 06:00:00
73024400;1600;2022-04-07 06:00:00
73024400;2100;2022-04-08 06:00:00
73024400;1800;2022-04-09 06:00:00
73024400;1300;2022-04-10 06:00:00
73034400;1000;2021-11-29 06:00:00
73034400;300;2021-11-30 06:00:00
73034400;1300;2021-12-02 06:00:00
73034400;1250;2021-12-04 06:00:00
73034400;1700;2021-12-05 06:00:00
73034400;800;2021-12-06 06:00:00
73034400;900;2021-12-07 06:00:00
73034400;1000;2021-12-08 06:00:00
73034400;400;2021-12-10 06:00:00
73034400;300;2021-12-11 06:00:00
73034400;900;2021-12-12 06:00:00
73034400;2000;2021-12-25 06:00:00
73034400;1700;2021-12-26 06:00:00
73034400;2100;2021-12-28 06:00:00
73034400;2400;2021-12-29 06:00:00
73034400;2300;2021-12-30 06:00:00
73034400;2300;2022-01-05 06:00:00
73034400;1000;2022-01-08 06:00:00
73034400;600;2022-01-09 06:00:00
73034400;800;2022-01-10 06:00:00
73034400;1000;2022-01-20 06:00:00
73034400;600;2022-02-01 06:00:00
73034400;2000;2022-02-02 06:00:00
73034400;1600;2022-02-11 06:00:00
73034400;1200;2022-02-15 06:00:00
73034400;1200;2022-02-16 06:00:00
73034400;2800;2022-02-17 06:00:00
73034400;2000;2022-02-18 06:00:00
73034400;2000;2022-02-19 06:00:00
73034400;1200;2022-02-21 06:00:00
73034400;1000;2022-02-22 06:00:00
73034400;1200;2022-02-25 06:00:00
73034400;1200;2022-03-14 06:00:00
73034400;1900;2022-03-15 06:00:00
73034400;600;2022-04-02 06:00:00
73034400;1500;2022-04-07 06:00:00
73034400;1700;2022-04-08 06:00:00
73034400;1800;2022-04-09 06:00:00
73034400;1200;2022-04-10 06:00:00
73040400;3250;2021-08-04 06:00:00
73040400;3300;2021-08-05 06:00:00
73040400;3400;2021-08-08 06:00:00
73040400;3000;2021-09-04 06:00:00
73040400;3400;2021-09-05 06:00:00
73040400;3300;2021-09-16 06:00:00
73040400;2400;2021-09-19 06:00:00
73040400;2700;2021-09-20 06:00:00
73040400;3000;2021-09-26 12:00:00
73040400;3000;2021-09-27 06:00:00
73040400;3200;2021-09-29 06:00:00
73040400;2900;2021-10-05 06:00:00
73040400;2700;2021-10-05 12:00:00
73040400;1800;2021-10-06 06:00:00
73040400;2100;2021-10-06 12:00:00
73040400;2900;2021-10-21 06:00:00
73040400;2700;2021-10-30 12:00:00
73040400;2700;2021-10-31 06:00:00
73040400;1700;2021-11-02 06:00:00
73040400;1700;2021-11-03 12:00:00
73040400;1700;2021-11-04 06:00:00
73040400;1700;2021-11-05 06:00:00
73040400;2400;2021-11-10 06:00:00
73040400;2500;2021-11-10 12:00:00
73040400;2600;2021-11-11 06:00:00
73040400;2300;2021-11-14 06:00:00
73040400;1750;2021-11-15 06:00:00
73040400;1800;2021-11-15 12:00:00
73040400;1850;2021-11-16 06:00:00
73040400;1700;2021-11-25 06:00:00
73040400;1700;2021-11-25 12:00:00
73040400;1700;2021-11-26 06:00:00
73040400;1700;2021-11-27 06:00:00
73040400;1700;2021-11-28 06:00:00
73040400;1700;2021-12-04 06:00:00
73040400;1700;2021-12-04 12:00:00
73040400;1800;2021-12-05 06:00:00
73040400;1700;2021-12-08 06:00:00
73040400;1700;2021-12-08 12:00:00
73040400;1700;2021-12-09 06:00:00
73040400;1700;2021-12-09 12:00:00
73040400;1700;2021-12-10 06:00:00
73040400;1700;2021-12-10 12:00:00
73040400;1700;2021-12-11 06:00:00
73040400;2000;2021-12-25 12:00:00
73040400;2000;2021-12-26 06:00:00
73040400;2000;2021-12-28 06:00:00
73040400;2000;2021-12-28 12:00:00
73040400;2200;2021-12-29 06:00:00
73040400;2200;2021-12-29 12:00:00
73040400;2200;2021-12-30 06:00:00
73040400;1800;2022-01-05 06:00:00
73040400;1700;2022-01-05 12:00:00
73040400;1700;2022-01-06 06:00:00
73040400;1700;2022-01-08 06:00:00
73040400;1700;2022-01-08 12:00:00
73040400;1700;2022-01-09 06:00:00
73040400;1700;2022-01-09 12:00:00
73040400;1700;2022-01-10 06:00:00
73040400;1700;2022-01-20 06:00:00
73040400;1700;2022-01-31 12:00:00
73040400;1700;2022-02-01 06:00:00
73040400;1700;2022-02-02 06:00:00
73040400;1700;2022-02-05 06:00:00
73040400;1700;2022-02-07 06:00:00
73040400;1700;2022-02-11 06:00:00
73040400;1700;2022-02-11 12:00:00
73040400;1700;2022-02-12 06:00:00
73040400;1700;2022-02-15 06:00:00
73040400;1700;2022-02-15 12:00:00
73040400;1700;2022-02-16 06:00:00
73040400;1700;2022-02-16 12:00:00
73040400;2000;2022-02-17 06:00:00
73040400;1950;2022-02-17 12:00:00
73040400;2000;2022-02-18 06:00:00
73040400;1900;2022-02-19 06:00:00
73040400;1700;2022-02-21 06:00:00
73040400;1700;2022-02-21 12:00:00
73040400;1700;2022-02-22 06:00:00
73040400;1700;2022-02-25 06:00:00
73040400;1700;2022-03-12 06:00:00
73040400;1700;2022-03-14 06:00:00
73040400;1700;2022-03-15 06:00:00
73040400;1700;2022-03-30 06:00:00
73040400;1700;2022-03-30 12:00:00
73040400;1700;2022-03-31 06:00:00
73040400;1700;2022-03-31 12:00:00
73040400;1700;2022-04-01 06:00:00
73040400;1700;2022-04-01 12:00:00
73040400;1700;2022-04-02 06:00:00
73040400;1700;2022-04-02 12:00:00
73040400;1700;2022-04-03 06:00:00
73040400;1700;2022-04-04 06:00:00
73040400;1900;2022-04-07 06:00:00
73040400;2000;2022-04-07 12:00:00
73040400;2000;2022-04-08 06:00:00
73040400;2000;2022-04-08 12:00:00
73040400;2000;2022-04-09 06:00:00
73040400;1700;2022-04-09 12:00:00
73040400;1700;2022-04-10 06:00:00
73040400;2100;2022-04-23 06:00:00
73040400;2200;2022-04-23 12:00:00
73040400;2100;2022-04-24 06:00:00
73040400;1950;2022-04-25 06:00:00
73040400;2200;2022-04-25 12:00:00
73040400;2200;2022-04-26 06:00:00
73040400;2700;2022-05-01 06:00:00
73040400;2000;2022-05-03 06:00:00
73040400;2200;2022-05-03 12:00:00
73040400;2500;2022-05-04 06:00:00
73040400;2700;2022-05-05 06:00:00
73040400;1800;2022-05-05 12:00:00
73040400;2000;2022-05-06 06:00:00
73040400;2800;2022-05-08 06:00:00
73040400;1800;2022-05-16 06:00:00
73040400;2500;2022-06-09 06:00:00
73047401;1835;2022-01-05 06:00:00
73047401;1830;2022-01-06 06:00:00
73047401;1830;2022-01-08 06:00:00
73047401;1830;2022-01-20 06:00:00
73047401;1830;2022-02-02 06:00:00
73047401;1830;2022-02-17 06:00:00
73047401;1830;2022-02-19 06:00:00
73047401;1830;2022-03-12 06:00:00
73047401;1830;2022-03-31 06:00:00
73047401;1830;2022-04-01 06:00:00
73047401;1830;2022-04-02 06:00:00
73047401;1830;2022-04-07 06:00:00
73047401;1830;2022-04-08 06:00:00
73047401;1830;2022-04-09 06:00:00
73047401;1850;2022-04-23 06:00:00
73054401;1000;2021-12-08 06:00:00
73054401;1600;2021-12-25 06:00:00
73054401;1600;2021-12-25 12:00:00
73054401;1600;2021-12-27 12:00:00
73054401;2400;2021-12-28 06:00:00
73054401;1500;2021-12-28 12:00:00
73054401;2100;2021-12-29 06:00:00
73054401;2200;2021-12-29 12:00:00
73054401;2000;2021-12-30 06:00:00
73054401;2000;2022-01-05 06:00:00
73054401;1800;2022-01-05 12:00:00
73054401;1600;2022-01-06 06:00:00
73054401;800;2022-01-08 06:00:00
73054401;800;2022-01-08 12:00:00
73054401;800;2022-01-09 12:00:00
73054401;800;2022-01-10 06:00:00
73054401;800;2022-01-20 06:00:00
73054401;800;2022-01-21 06:00:00
73054401;800;2022-02-01 06:00:00
73054401;800;2022-02-02 06:00:00
73054401;800;2022-02-07 06:00:00
73054401;2000;2022-02-11 06:00:00
73054401;2000;2022-02-11 12:00:00
73054401;1200;2022-02-12 06:00:00
73054401;2000;2022-02-15 06:00:00
73054401;2000;2022-02-15 12:00:00
73054401;2000;2022-02-16 06:00:00
73054401;2000;2022-02-16 12:00:00
73054401;2000;2022-02-17 06:00:00
73054401;1500;2022-02-19 06:00:00
73054401;1200;2022-02-21 06:00:00
73054401;1900;2022-02-21 12:00:00
73054401;2000;2022-02-22 06:00:00
73054401;2000;2022-02-25 06:00:00
73054401;1500;2022-03-14 06:00:00
73054401;2000;2022-03-15 06:00:00
73054401;2000;2022-03-30 06:00:00
73054401;2000;2022-03-30 12:00:00
73054401;2000;2022-03-31 06:00:00
73054401;2000;2022-03-31 12:00:00
73054401;1400;2022-04-01 06:00:00
73054401;1600;2022-04-01 12:00:00
73054401;800;2022-04-02 06:00:00
73054401;800;2022-04-02 12:00:00
73054401;2000;2022-04-04 06:00:00
73054401;1500;2022-04-07 06:00:00
73054401;1550;2022-04-07 12:00:00
73054401;1600;2022-04-08 06:00:00
73054401;2000;2022-04-08 12:00:00
73054401;2000;2022-04-09 12:00:00
73054401;2000;2022-04-10 06:00:00
73054401;2000;2022-04-23 06:00:00
73054401;1600;2022-04-24 06:00:00
73054401;1600;2022-04-25 06:00:00
73054401;2200;2022-04-30 06:00:00
73123402;1600;2021-12-26 06:00:00
73123402;1800;2021-12-27 06:00:00
73123402;1900;2021-12-28 06:00:00
73123402;2000;2021-12-29 06:00:00
73123402;2000;2021-12-30 06:00:00
73123402;1200;2022-02-07 06:00:00
73123402;1000;2022-02-11 06:00:00
73123402;1900;2022-02-17 06:00:00
73123402;1950;2022-02-18 06:00:00
73123402;1200;2022-02-19 06:00:00
73123402;1000;2022-02-22 06:00:00
73123402;1000;2022-03-14 06:00:00
73123402;2000;2022-03-15 06:00:00
73132400;1200;2021-11-27 06:00:00
73132400;1200;2021-11-28 06:00:00
73132400;1000;2021-11-29 06:00:00
73132400;1000;2021-11-30 06:00:00
73132400;1000;2021-12-02 06:00:00
73132400;1000;2021-12-03 06:00:00
73132400;1300;2021-12-04 06:00:00
73132400;1650;2021-12-05 06:00:00
73132400;1000;2021-12-08 06:00:00
73132400;1000;2021-12-09 06:00:00
73132400;500;2021-12-10 06:00:00
73132400;500;2021-12-11 06:00:00
73132400;500;2021-12-12 06:00:00
73132400;2000;2021-12-25 06:00:00
73132400;2000;2021-12-26 06:00:00
73132400;1800;2021-12-27 06:00:00
73132400;1800;2021-12-28 06:00:00
73132400;1800;2021-12-29 06:00:00
73132400;2500;2021-12-30 06:00:00
73132400;2000;2022-01-05 06:00:00
73132400;1200;2022-01-06 06:00:00
73132400;1000;2022-01-08 06:00:00
73132400;1000;2022-01-09 06:00:00
73132400;800;2022-01-10 06:00:00
73132400;1000;2022-02-01 06:00:00
73132400;1700;2022-02-02 06:00:00
73132400;1400;2022-02-07 06:00:00
73132400;1200;2022-02-11 06:00:00
73132400;1300;2022-02-12 06:00:00
73132400;1000;2022-02-15 06:00:00
73132400;1000;2022-02-16 06:00:00
73132400;2000;2022-02-18 06:00:00
73132400;1650;2022-02-19 06:00:00
73132400;1000;2022-02-22 06:00:00
73132400;1500;2022-02-25 06:00:00
73132400;1500;2022-03-14 06:00:00
73132400;1800;2022-03-15 06:00:00
73132400;1650;2022-03-30 06:00:00
73132400;1600;2022-03-31 06:00:00
73132400;1700;2022-04-01 06:00:00
73132400;1200;2022-04-02 06:00:00
73132400;1200;2022-04-03 06:00:00
73132400;1700;2022-04-07 06:00:00
73132400;1700;2022-04-08 06:00:00
73132400;1800;2022-04-09 06:00:00
73132400;1200;2022-04-10 06:00:00
73144404;1700;2021-11-26 06:00:00
73144404;1200;2021-11-29 06:00:00
73144404;1200;2021-11-30 06:00:00
73144404;1400;2021-12-04 06:00:00
73144404;1700;2021-12-05 06:00:00
73144404;1200;2021-12-06 06:00:00
73144404;1200;2021-12-10 06:00:00
73144404;1200;2021-12-11 06:00:00
73144404;1800;2021-12-26 06:00:00
73144404;1800;2021-12-28 06:00:00
73144404;1800;2021-12-28 12:00:00
73144404;2100;2021-12-29 06:00:00
73144404;2000;2021-12-29 12:00:00
73144404;2600;2021-12-30 06:00:00
73144404;1300;2022-01-05 06:00:00
73144404;1300;2022-01-08 06:00:00
73144404;1300;2022-01-09 06:00:00
73144404;1300;2022-01-10 06:00:00
73144404;1300;2022-01-20 06:00:00
73144404;1300;2022-01-21 06:00:00
73144404;1200;2022-01-31 12:00:00
73144404;1200;2022-02-01 06:00:00
73144404;1300;2022-02-02 06:00:00
73144404;1700;2022-02-05 06:00:00
73144404;1300;2022-02-07 06:00:00
73144404;1800;2022-02-19 06:00:00
73144404;1300;2022-02-21 06:00:00
73144404;1300;2022-02-22 06:00:00
73144404;1400;2022-03-11 06:00:00
73144404;1400;2022-03-12 06:00:00
73144404;1400;2022-03-13 06:00:00
73144404;1400;2022-03-14 06:00:00
73144404;1600;2022-03-15 06:00:00
73144404;1700;2022-03-19 06:00:00
73144404;1400;2022-03-20 06:00:00
73144404;1700;2022-03-30 06:00:00
73144404;1900;2022-03-31 06:00:00
73144404;1700;2022-04-01 06:00:00
73144404;1300;2022-04-02 06:00:00
73144404;1300;2022-04-03 06:00:00
73144404;1300;2022-04-04 06:00:00
73144404;1700;2022-04-07 06:00:00
73150400;2500;2021-08-01 06:00:00
73150400;2500;2021-08-01 12:00:00
73150400;2500;2021-08-02 06:00:00
73150400;2300;2021-08-04 12:00:00
73150400;2300;2021-08-05 06:00:00
73150400;2900;2021-08-08 06:00:00
73150400;3000;2021-08-13 06:00:00
73150400;3000;2021-08-16 06:00:00
73150400;3000;2021-08-22 06:00:00
73150400;2800;2021-08-25 06:00:00
73150400;2700;2021-09-03 12:00:00
73150400;3000;2021-09-04 06:00:00
73150400;3000;2021-09-05 06:00:00
73150400;3000;2021-09-09 12:00:00
73150400;3000;2021-09-10 06:00:00
73150400;2800;2021-09-11 06:00:00
73150400;3000;2021-09-15 06:00:00
73150400;2900;2021-09-15 12:00:00
73150400;2800;2021-09-16 12:00:00
73150400;2800;2021-09-17 06:00:00
73150400;2500;2021-09-19 06:00:00
73150400;2000;2021-09-19 12:00:00
73150400;2000;2021-09-20 06:00:00
73150400;2500;2021-09-20 12:00:00
73150400;2500;2021-09-21 06:00:00
73150400;2800;2021-09-26 06:00:00
73150400;2500;2021-09-26 12:00:00
73150400;2800;2021-09-29 06:00:00
73150400;2500;2021-10-04 06:00:00
73150400;2300;2021-10-04 12:00:00
73150400;2600;2021-10-05 06:00:00
73150400;2500;2021-10-06 06:00:00
73150400;1900;2021-10-06 12:00:00
73150400;1900;2021-10-07 06:00:00
73150400;2700;2021-10-21 06:00:00
73150400;2700;2021-10-21 12:00:00
73150400;2500;2021-10-31 06:00:00
73150400;2400;2021-11-01 06:00:00
73150400;2200;2021-11-01 12:00:00
73150400;2000;2021-11-02 06:00:00
73150400;1900;2021-11-02 12:00:00
73150400;1800;2021-11-03 12:00:00
73150400;1800;2021-11-04 06:00:00
73150400;2200;2021-11-13 12:00:00
73150400;2100;2021-11-14 06:00:00
73150400;1800;2021-11-26 06:00:00
73150400;1700;2021-11-26 12:00:00
73150400;1500;2021-11-27 06:00:00
73150400;1500;2021-11-28 06:00:00
73150400;1500;2021-11-28 12:00:00
73150400;1200;2021-11-29 06:00:00
73150400;1200;2021-11-29 12:00:00
73150400;1200;2021-11-30 06:00:00
73150400;1500;2021-12-02 06:00:00
73150400;1500;2021-12-02 12:00:00
73150400;1500;2021-12-03 06:00:00
73150400;1800;2021-12-04 06:00:00
73150400;1800;2021-12-04 12:00:00
73150400;1800;2021-12-05 06:00:00
73150400;1500;2021-12-05 12:00:00
73150400;1500;2021-12-06 06:00:00
73150400;1500;2021-12-07 06:00:00
73150400;1500;2021-12-07 12:00:00
73150400;1700;2021-12-08 06:00:00
73150400;1500;2021-12-08 12:00:00
73150400;1500;2021-12-09 06:00:00
73150400;500;2021-12-10 06:00:00
73150400;1200;2021-12-10 12:00:00
73150400;1200;2021-12-11 06:00:00
73150400;1200;2021-12-11 12:00:00
73150400;1200;2021-12-12 06:00:00
73150400;1800;2021-12-25 06:00:00
73150400;1800;2021-12-26 06:00:00
73150400;1500;2021-12-28 06:00:00
73150400;2400;2021-12-28 12:00:00
73150400;2200;2021-12-29 06:00:00
73150400;2400;2021-12-29 12:00:00
73150400;2600;2021-12-30 06:00:00
73150400;2700;2022-01-04 06:00:00
73150400;2300;2022-01-04 12:00:00
73150400;1970;2022-01-05 06:00:00
73150400;1800;2022-01-05 12:00:00
73150400;1500;2022-01-06 06:00:00
73150400;1500;2022-01-08 06:00:00
73150400;800;2022-01-09 06:00:00
73150400;1200;2022-01-09 12:00:00
73150400;1200;2022-01-10 06:00:00
73150400;1800;2022-01-20 06:00:00
73150400;1000;2022-01-21 06:00:00
73150400;1700;2022-01-31 12:00:00
73150400;1500;2022-02-01 06:00:00
73150400;2000;2022-02-02 06:00:00
73150400;1500;2022-02-07 06:00:00
73150400;1700;2022-02-07 12:00:00
73150400;1800;2022-02-11 06:00:00
73150400;1800;2022-02-11 12:00:00
73150400;1700;2022-02-15 06:00:00
73150400;1800;2022-02-15 12:00:00
73150400;1700;2022-02-16 06:00:00
73150400;1800;2022-02-16 12:00:00
73150400;2100;2022-02-17 06:00:00
73150400;2100;2022-02-17 12:00:00
73150400;2200;2022-02-18 06:00:00
73150400;2200;2022-02-19 06:00:00
73150400;1800;2022-02-21 06:00:00
73150400;1800;2022-02-21 12:00:00
73150400;1700;2022-02-22 06:00:00
73150400;1800;2022-02-25 06:00:00
73150400;1800;2022-03-14 06:00:00
73150400;1900;2022-03-15 06:00:00
73150400;1900;2022-03-30 06:00:00
73150400;1970;2022-03-30 12:00:00
73150400;1900;2022-03-31 06:00:00
73150400;1900;2022-03-31 12:00:00
73150400;1900;2022-04-01 06:00:00
73150400;1800;2022-04-01 12:00:00
73150400;1500;2022-04-02 06:00:00
73150400;1300;2022-04-02 12:00:00
73150400;1200;2022-04-03 06:00:00
73150400;1200;2022-04-03 12:00:00
73150400;1200;2022-04-04 06:00:00
73150400;1900;2022-04-07 06:00:00
73150400;1700;2022-04-07 12:00:00
73150400;1900;2022-04-08 06:00:00
73150400;2100;2022-04-08 12:00:00
73150400;2100;2022-04-09 06:00:00
73150400;1800;2022-04-09 12:00:00
73150400;1600;2022-04-10 06:00:00
73150400;1900;2022-04-22 06:00:00
73150400;1900;2022-04-24 06:00:00
73150400;1900;2022-04-24 12:00:00
73150400;1900;2022-04-25 06:00:00
73150400;2000;2022-04-25 12:00:00
73150400;2000;2022-04-26 06:00:00
73150400;2000;2022-05-01 06:00:00
73150400;2100;2022-05-02 06:00:00
73150400;2100;2022-05-03 06:00:00
73150400;2300;2022-05-03 12:00:00
73150400;2300;2022-05-04 06:00:00
73150400;2500;2022-05-05 06:00:00
73150400;1900;2022-05-05 12:00:00
73150400;2100;2022-05-06 06:00:00
73150400;2400;2022-05-08 06:00:00
73150400;1900;2022-05-09 06:00:00
73150400;2500;2022-05-10 06:00:00
73150400;3000;2022-05-16 06:00:00
73150400;3000;2022-05-16 12:00:00
73150400;3000;2022-05-19 06:00:00
73150400;3000;2022-05-24 06:00:00
73150400;2500;2022-05-25 06:00:00
73150400;3000;2022-05-27 06:00:00
73150400;2500;2022-05-31 12:00:00
73150400;2500;2022-06-01 06:00:00
73150400;2500;2022-06-01 12:00:00
73150400;3000;2022-06-05 12:00:00
73150400;2500;2022-06-06 06:00:00
73150400;3000;2022-06-07 06:00:00
73150400;2700;2022-06-09 06:00:00
73150400;2500;2022-06-10 06:00:00
73150400;3000;2022-06-13 06:00:00
73150400;3800;2022-06-15 12:00:00
73150400;3000;2022-06-20 06:00:00
73150400;3000;2022-06-22 06:00:00
73150400;3000;2022-06-22 12:00:00
73150400;3000;2022-06-23 06:00:00
73150400;2500;2022-06-24 12:00:00
73150400;2500;2022-06-25 06:00:00
73150400;3000;2022-06-28 06:00:00
73150400;2700;2022-06-29 06:00:00
73150400;2700;2022-07-01 06:00:00
73150400;2700;2022-07-01 12:00:00
73150400;3000;2022-07-04 12:00:00
73150400;3000;2022-07-20 06:00:00
73150400;3000;2022-07-21 06:00:00
73150400;3000;2022-07-23 06:00:00
73150400;3000;2022-07-26 06:00:00
73150400;3000;2022-07-29 12:00:00
73150400;3000;2022-07-30 06:00:00
73157400;1800;2021-12-26 06:00:00
73157400;1600;2021-12-27 12:00:00
73157400;2000;2021-12-28 06:00:00
73157400;2200;2021-12-29 06:00:00
73157400;2800;2021-12-30 06:00:00
73157400;1000;2022-01-05 06:00:00
73157400;1000;2022-01-06 06:00:00
73157400;1000;2022-01-08 06:00:00
73157400;1000;2022-01-09 06:00:00
73157400;1000;2022-01-10 06:00:00
73157400;1500;2022-01-20 06:00:00
73157400;1500;2022-01-21 06:00:00
73157400;1500;2022-02-02 06:00:00
73157400;1500;2022-02-07 06:00:00
73157400;1000;2022-02-15 06:00:00
73157400;2200;2022-02-16 06:00:00
73157400;1500;2022-02-21 06:00:00
73157400;1500;2022-03-12 06:00:00
73157400;1500;2022-03-13 06:00:00
73157400;1500;2022-03-14 06:00:00
73157400;2000;2022-03-15 06:00:00
73157400;2000;2022-03-19 06:00:00
73157400;0;2022-03-30 12:00:00
73157400;1500;2022-04-01 06:00:00
73157400;1600;2022-04-01 12:00:00
73157400;1500;2022-04-02 06:00:00
73157400;1500;2022-04-03 06:00:00
73157400;1500;2022-04-04 06:00:00
73157400;2000;2022-04-07 06:00:00
73157400;1500;2022-04-09 06:00:00
73173400;1800;2021-12-24 12:00:00
73173400;1800;2021-12-25 06:00:00
73173400;1800;2021-12-25 12:00:00
73173400;1800;2021-12-26 06:00:00
73173400;1600;2021-12-27 12:00:00
73173400;1900;2021-12-28 06:00:00
73173400;1900;2021-12-28 12:00:00
73173400;2100;2021-12-29 06:00:00
73173400;2000;2021-12-29 12:00:00
73173400;2500;2021-12-30 06:00:00
73173400;1600;2022-01-05 06:00:00
73173400;1600;2022-01-05 12:00:00
73173400;400;2022-01-08 06:00:00
73173400;1600;2022-01-08 12:00:00
73173400;1300;2022-01-09 06:00:00
73173400;1600;2022-01-09 12:00:00
73173400;1600;2022-01-10 06:00:00
73173400;500;2022-01-20 06:00:00
73173400;1600;2022-01-31 12:00:00
73173400;1600;2022-02-01 06:00:00
73173400;600;2022-02-02 06:00:00
73173400;1400;2022-02-05 06:00:00
73173400;1200;2022-02-07 06:00:00
73173400;1300;2022-02-11 06:00:00
73173400;800;2022-02-15 06:00:00
73173400;800;2022-02-15 12:00:00
73173400;1600;2022-02-16 06:00:00
73173400;1800;2022-02-16 12:00:00
73173400;2200;2022-02-17 06:00:00
73173400;2300;2022-02-17 12:00:00
73173400;2300;2022-02-18 06:00:00
73173400;1600;2022-02-19 06:00:00
73173400;1300;2022-02-21 06:00:00
73173400;1200;2022-02-21 12:00:00
73173400;1000;2022-02-22 06:00:00
73173400;1000;2022-02-25 06:00:00
73173400;1000;2022-03-14 06:00:00
73173400;2000;2022-03-15 06:00:00
73173400;1700;2022-03-30 06:00:00
73173400;1700;2022-03-30 12:00:00
73173400;1200;2022-03-31 06:00:00
73173400;1600;2022-03-31 12:00:00
73173400;1000;2022-04-01 06:00:00
73173400;500;2022-04-02 06:00:00
73173400;1000;2022-04-03 06:00:00
73173400;1600;2022-04-04 06:00:00
73173400;1600;2022-04-07 06:00:00
73173400;2000;2022-04-08 06:00:00
73173400;2000;2022-04-09 06:00:00
73173400;800;2022-04-10 06:00:00
73176400;900;2021-11-29 06:00:00
73176400;1800;2021-11-29 12:00:00
73176400;900;2021-11-30 06:00:00
73176400;900;2021-12-03 06:00:00
73176400;900;2021-12-04 06:00:00
73176400;1800;2021-12-04 12:00:00
73176400;1800;2021-12-05 06:00:00
73176400;1800;2021-12-05 12:00:00
73176400;900;2021-12-06 06:00:00
73176400;1800;2021-12-06 12:00:00
73176400;1000;2021-12-08 06:00:00
73176400;900;2021-12-09 06:00:00
73176400;1800;2021-12-09 12:00:00
73176400;900;2021-12-10 06:00:00
73176400;1800;2021-12-10 12:00:00
73176400;900;2021-12-11 06:00:00
73176400;1800;2021-12-11 12:00:00
73176400;900;2021-12-12 06:00:00
73176400;1800;2021-12-24 12:00:00
73176400;1850;2021-12-25 06:00:00
73176400;1500;2021-12-26 06:00:00
73176400;1000;2021-12-28 06:00:00
73176400;2000;2021-12-28 12:00:00
73176400;1200;2021-12-29 06:00:00
73176400;1800;2021-12-29 12:00:00
73176400;2400;2021-12-30 06:00:00
73176400;1800;2022-01-04 12:00:00
73176400;1800;2022-01-05 06:00:00
73176400;1800;2022-01-05 12:00:00
73176400;900;2022-01-06 06:00:00
73176400;900;2022-01-08 06:00:00
73176400;800;2022-01-09 06:00:00
73176400;1200;2022-01-09 12:00:00
73176400;1100;2022-01-10 06:00:00
73176400;900;2022-01-20 06:00:00
73176400;900;2022-01-21 06:00:00
73176400;1800;2022-01-31 12:00:00
73176400;1000;2022-02-01 06:00:00
73176400;1800;2022-02-01 12:00:00
73176400;900;2022-02-02 06:00:00
73176400;1800;2022-02-02 12:00:00
73176400;1800;2022-02-03 06:00:00
73176400;1700;2022-02-05 06:00:00
73176400;1000;2022-02-07 06:00:00
73176400;1800;2022-02-07 12:00:00
73176400;1100;2022-02-11 06:00:00
73176400;1000;2022-02-11 12:00:00
73176400;800;2022-02-15 06:00:00
73176400;1800;2022-02-15 12:00:00
73176400;1200;2022-02-16 06:00:00
73176400;1800;2022-02-16 12:00:00
73176400;1900;2022-02-17 06:00:00
73176400;2100;2022-02-17 12:00:00
73176400;2100;2022-02-18 06:00:00
73176400;1600;2022-02-19 06:00:00
73176400;1000;2022-02-21 06:00:00
73176400;1800;2022-02-21 12:00:00
73176400;1000;2022-02-22 06:00:00
73176400;1400;2022-02-25 06:00:00
73176400;1100;2022-03-14 06:00:00
73176400;2000;2022-03-15 06:00:00
73176400;1700;2022-03-30 06:00:00
73176400;2000;2022-03-30 12:00:00
73176400;1700;2022-03-31 06:00:00
73176400;1800;2022-03-31 12:00:00
73176400;1400;2022-04-01 06:00:00
73176400;1800;2022-04-01 12:00:00
73176400;900;2022-04-02 06:00:00
73176400;1800;2022-04-02 12:00:00
73176400;800;2022-04-03 06:00:00
73176400;1800;2022-04-03 12:00:00
73176400;1000;2022-04-04 06:00:00
73176400;2100;2022-04-08 06:00:00
73176400;2100;2022-04-08 12:00:00
73176400;2400;2022-04-09 06:00:00
73176400;1800;2022-04-09 12:00:00
73176400;800;2022-04-10 06:00:00
73176400;2400;2022-04-23 06:00:00
73176400;2000;2022-04-24 06:00:00
73194401;2100;2022-04-08 06:00:00
73206400;1400;2021-12-26 06:00:00
73206400;1500;2021-12-28 06:00:00
73206400;2000;2021-12-28 12:00:00
73206400;2000;2021-12-29 06:00:00
73206400;2000;2021-12-29 12:00:00
73206400;2300;2021-12-30 06:00:00
73206400;1400;2022-01-05 06:00:00
73206400;1400;2022-01-06 06:00:00
73206400;1400;2022-01-08 06:00:00
73206400;1400;2022-01-09 06:00:00
73206400;1400;2022-01-09 12:00:00
73206400;1400;2022-01-10 06:00:00
73206400;1400;2022-01-20 06:00:00
73206400;1400;2022-02-01 06:00:00
73206400;1200;2022-02-02 06:00:00
73206400;1400;2022-02-07 06:00:00
73206400;1400;2022-02-11 06:00:00
73206400;1400;2022-02-11 12:00:00
73206400;1400;2022-02-15 06:00:00
73206400;1400;2022-02-16 12:00:00
73206400;2000;2022-02-17 06:00:00
73206400;2100;2022-02-18 06:00:00
73206400;1400;2022-02-19 06:00:00
73206400;1400;2022-02-21 06:00:00
73206400;1400;2022-02-21 12:00:00
73206400;1400;2022-02-22 06:00:00
73206400;1400;2022-02-25 06:00:00
73206400;1400;2022-03-14 06:00:00
73206400;1700;2022-03-30 06:00:00
73206400;1800;2022-03-30 12:00:00
73206400;1700;2022-03-31 06:00:00
73206400;1700;2022-03-31 12:00:00
73206400;1400;2022-04-01 06:00:00
73206400;1400;2022-04-01 12:00:00
73206400;1400;2022-04-02 06:00:00
73206400;1400;2022-04-02 12:00:00
73206400;1400;2022-04-03 06:00:00
73206400;1400;2022-04-04 06:00:00
73206400;1600;2022-04-07 06:00:00
73206400;1800;2022-04-07 12:00:00
73206400;1900;2022-04-08 06:00:00
73206400;2000;2022-04-08 12:00:00
73206400;2000;2022-04-09 06:00:00
73206400;1400;2022-04-09 12:00:00
73206400;1400;2022-04-10 06:00:00
73227400;1400;2021-11-04 06:00:00
73227400;600;2021-11-29 06:00:00
73227400;700;2021-11-30 06:00:00
73227400;1400;2021-12-02 06:00:00
73227400;1500;2021-12-04 06:00:00
73227400;1780;2021-12-04 12:00:00
73227400;900;2021-12-05 06:00:00
73227400;1780;2021-12-05 12:00:00
73227400;900;2021-12-06 06:00:00
73227400;1780;2021-12-07 06:00:00
73227400;700;2021-12-08 06:00:00
73227400;900;2021-12-09 06:00:00
73227400;600;2021-12-10 06:00:00
73227400;1780;2021-12-25 06:00:00
73227400;1500;2021-12-26 06:00:00
73227400;2300;2021-12-28 06:00:00
73227400;2200;2021-12-29 06:00:00
73227400;2500;2021-12-30 06:00:00
73227400;850;2022-01-05 06:00:00
73227400;600;2022-01-08 06:00:00
73227400;600;2022-01-09 06:00:00
73227400;600;2022-01-10 06:00:00
73227400;1750;2022-01-11 06:00:00
73227400;900;2022-01-20 06:00:00
73227400;1750;2022-02-01 06:00:00
73227400;600;2022-02-02 06:00:00
73227400;800;2022-02-07 06:00:00
73227400;1300;2022-02-11 06:00:00
73227400;700;2022-02-12 06:00:00
73227400;800;2022-02-15 06:00:00
73227400;2300;2022-02-17 06:00:00
73227400;1780;2022-02-18 06:00:00
73227400;1100;2022-02-19 06:00:00
73227400;1300;2022-02-21 06:00:00
73227400;1780;2022-02-25 06:00:00
73227400;1450;2022-03-14 06:00:00
73227400;1800;2022-03-31 06:00:00
73227400;800;2022-04-02 06:00:00
73227400;700;2022-04-03 06:00:00
73227400;700;2022-04-04 06:00:00
73227400;1600;2022-04-07 06:00:00
73227400;2000;2022-04-08 06:00:00
73227400;2100;2022-04-09 06:00:00
73227400;1700;2022-04-10 06:00:00
73227400;2500;2022-05-23 06:00:00
73227400;1750;2022-05-24 06:00:00
73227400;2000;2022-05-25 06:00:00
73227400;2000;2022-06-01 06:00:00
73227400;2000;2022-06-07 06:00:00
73227400;2000;2022-06-09 06:00:00
73227400;2000;2022-06-13 06:00:00
73227400;2000;2022-06-22 06:00:00
73227400;2000;2022-06-29 06:00:00
73227400;2500;2022-07-04 06:00:00
73227400;2500;2022-07-26 06:00:00
73227400;2500;2022-08-01 06:00:00
73232400;1500;2021-12-08 06:00:00
73232400;2000;2022-01-05 06:00:00
73232400;1500;2022-01-06 06:00:00
73232400;950;2022-01-08 06:00:00
73232400;1500;2022-02-03 06:00:00
73232400;1100;2022-02-11 06:00:00
73232400;1400;2022-02-12 06:00:00
73232400;1500;2022-02-15 06:00:00
73232400;1500;2022-02-16 06:00:00
73232400;1800;2022-02-17 06:00:00
73232400;1063;2022-02-21 06:00:00
73232400;1500;2022-02-25 06:00:00
73232400;1550;2022-03-30 06:00:00
73232400;2200;2022-03-31 06:00:00
73232400;2000;2022-04-01 06:00:00
73232400;1400;2022-04-02 06:00:00
73232400;1500;2022-04-03 06:00:00
73232400;1700;2022-04-09 06:00:00
73232400;1000;2022-04-10 06:00:00
73235400;700;2021-11-30 06:00:00
73235400;1400;2021-12-02 06:00:00
73235400;500;2021-12-08 12:00:00
73235400;500;2021-12-11 06:00:00
73235400;500;2021-12-12 06:00:00
73235400;1900;2021-12-25 06:00:00
73235400;1900;2021-12-26 06:00:00
73235400;2200;2021-12-29 06:00:00
73235400;2500;2021-12-30 06:00:00
73235400;1200;2022-01-06 06:00:00
73235400;400;2022-01-08 06:00:00
73235400;1400;2022-01-20 06:00:00
73235400;1500;2022-01-21 06:00:00
73235400;1595;2022-02-02 06:00:00
73235400;1500;2022-02-05 06:00:00
73235400;1600;2022-02-07 06:00:00
73235400;1000;2022-02-15 06:00:00
73235400;1200;2022-02-16 06:00:00
73235400;1800;2022-02-19 06:00:00
73235400;1500;2022-02-25 06:00:00
73235400;1500;2022-03-14 06:00:00
73235400;1600;2022-03-30 06:00:00
73235400;1600;2022-03-31 06:00:00
73235400;1500;2022-04-01 06:00:00
73235400;500;2022-04-02 06:00:00
73235400;600;2022-04-03 06:00:00
73235400;1600;2022-04-07 06:00:00
73235400;1600;2022-04-08 06:00:00
73235400;1600;2022-04-09 06:00:00
73257400;2000;2021-12-04 06:00:00
73257400;1800;2022-03-31 06:00:00
73257400;1800;2022-04-03 06:00:00
73280402;2200;2021-12-25 06:00:00
73280402;1700;2021-12-26 06:00:00
73280402;1900;2021-12-28 06:00:00
73280402;2200;2021-12-29 06:00:00
73280402;2800;2021-12-30 06:00:00
73280402;1800;2022-01-05 06:00:00
73280402;1000;2022-01-06 06:00:00
73280402;500;2022-01-08 06:00:00
73280402;800;2022-01-09 06:00:00
73280402;800;2022-01-10 06:00:00
73280402;1000;2022-01-20 06:00:00
73280402;1400;2022-01-21 06:00:00
73280402;1000;2022-02-01 06:00:00
73280402;1200;2022-02-02 06:00:00
73280402;1200;2022-02-05 06:00:00
73280402;1400;2022-02-07 06:00:00
73280402;1400;2022-02-11 06:00:00
73280402;1400;2022-02-12 06:00:00
73280402;1200;2022-02-15 06:00:00
73280402;1400;2022-02-16 06:00:00
73280402;2400;2022-02-17 06:00:00
73280402;1400;2022-02-21 06:00:00
73280402;1300;2022-02-22 06:00:00
73280402;1400;2022-02-25 06:00:00
73280402;1200;2022-03-12 06:00:00
73280402;1500;2022-03-14 06:00:00
73280402;1900;2022-03-15 06:00:00
73280402;1700;2022-03-21 06:00:00
73280402;2100;2022-03-30 06:00:00
73280402;2100;2022-03-31 06:00:00
73280402;1500;2022-04-01 06:00:00
73280402;1300;2022-04-02 06:00:00
73280402;1300;2022-04-03 06:00:00
73280402;1500;2022-04-04 06:00:00
73280402;2000;2022-04-07 06:00:00
73280402;2200;2022-04-08 06:00:00
73280402;2200;2022-04-09 06:00:00
73280402;1400;2022-04-10 06:00:00
73296400;1000;2021-12-02 06:00:00
73296400;800;2021-12-03 06:00:00
73296400;800;2021-12-04 06:00:00
73296400;1400;2021-12-04 12:00:00
73296400;800;2021-12-05 06:00:00
73296400;800;2021-12-06 06:00:00
73296400;800;2021-12-07 06:00:00
73296400;800;2021-12-07 12:00:00
73296400;800;2021-12-08 06:00:00
73296400;800;2021-12-08 12:00:00
73296400;800;2021-12-09 06:00:00
73296400;800;2021-12-10 06:00:00
73296400;800;2021-12-10 12:00:00
73296400;800;2021-12-11 06:00:00
73296400;1500;2021-12-25 06:00:00
73296400;1500;2021-12-26 06:00:00
73296400;2000;2021-12-27 06:00:00
73296400;2080;2021-12-27 12:00:00
73296400;1800;2021-12-28 06:00:00
73296400;2000;2021-12-29 06:00:00
73296400;2100;2021-12-29 12:00:00
73296400;2100;2022-01-04 06:00:00
73296400;1200;2022-01-05 06:00:00
73296400;800;2022-01-08 06:00:00
73296400;2100;2022-01-09 06:00:00
73296400;600;2022-01-10 12:00:00
73296400;2000;2022-02-07 12:00:00
73296400;2000;2022-02-11 06:00:00
73296400;2100;2022-02-17 06:00:00
73296400;2200;2022-02-17 12:00:00
73296400;1800;2022-02-19 06:00:00
73296400;2080;2022-02-21 12:00:00
73296400;2000;2022-02-22 06:00:00
73296400;2000;2022-02-25 06:00:00
73296400;2000;2022-02-25 12:00:00
73296400;2000;2022-03-13 12:00:00
73296400;2000;2022-03-15 06:00:00
73296400;1600;2022-03-30 06:00:00
73296400;2080;2022-03-30 12:00:00
73296400;2100;2022-03-31 06:00:00
73296400;2100;2022-03-31 12:00:00
73296400;2100;2022-04-01 06:00:00
73296400;2080;2022-04-02 06:00:00
73296400;2080;2022-04-02 12:00:00
73296400;2080;2022-04-03 06:00:00
73296400;2000;2022-04-07 06:00:00
73296400;2000;2022-04-07 12:00:00
73296400;2000;2022-04-08 12:00:00
73296400;1500;2022-04-09 06:00:00
73296400;1500;2022-04-10 06:00:00
73296400;2080;2022-04-23 06:00:00
73296400;2000;2022-04-24 06:00:00
73296400;2000;2022-04-25 06:00:00
73296400;2080;2022-04-25 12:00:00
73296400;2100;2022-04-30 06:00:00
73296400;2080;2022-05-03 06:00:00
73296400;2100;2022-05-04 06:00:00
73296400;2300;2022-05-05 06:00:00
73296400;2100;2022-05-06 06:00:00
73296400;2100;2022-05-07 06:00:00
73296400;2080;2022-05-08 06:00:00
73304404;1850;2021-11-27 06:00:00
73304404;1850;2021-11-28 06:00:00
73304404;1850;2021-11-28 12:00:00
73304404;1850;2021-11-29 06:00:00
73304404;1850;2021-12-01 06:00:00
73304404;1850;2021-12-02 06:00:00
73304404;1850;2021-12-02 12:00:00
73304404;1850;2021-12-03 06:00:00
73304404;1850;2021-12-04 06:00:00
73304404;1850;2021-12-04 12:00:00
73304404;1850;2021-12-05 06:00:00
73304404;1850;2021-12-05 12:00:00
73304404;1850;2021-12-06 06:00:00
73304404;1850;2021-12-07 06:00:00
73304404;1850;2021-12-08 06:00:00
73304404;1850;2021-12-08 12:00:00
73304404;1850;2021-12-09 06:00:00
73304404;1850;2021-12-09 12:00:00
73304404;1850;2021-12-10 06:00:00
73304404;1850;2021-12-10 12:00:00
73304404;1850;2021-12-11 06:00:00
73304404;1850;2021-12-11 12:00:00
73304404;1850;2021-12-12 06:00:00
73304404;1850;2021-12-25 12:00:00
73304404;1850;2021-12-26 06:00:00
73304404;1850;2021-12-28 06:00:00
73304404;1850;2021-12-28 12:00:00
73304404;1850;2021-12-29 06:00:00
73304404;1850;2021-12-29 12:00:00
73304404;1850;2021-12-30 06:00:00
73304404;1850;2022-01-05 06:00:00
73304404;1850;2022-01-05 12:00:00
73304404;1850;2022-01-06 06:00:00
73304404;1850;2022-01-08 06:00:00
73304404;1850;2022-01-09 06:00:00
73304404;1850;2022-01-09 12:00:00
73304404;1850;2022-01-10 06:00:00
73304404;900;2022-01-20 06:00:00
73304404;1850;2022-01-31 12:00:00
73304404;1050;2022-02-01 06:00:00
73304404;1850;2022-02-02 06:00:00
73304404;1850;2022-02-05 06:00:00
73304404;800;2022-02-07 06:00:00
73304404;1850;2022-02-11 06:00:00
73304404;1850;2022-02-11 12:00:00
73304404;1850;2022-02-12 06:00:00
73304404;800;2022-02-15 06:00:00
73304404;1850;2022-02-15 12:00:00
73304404;1850;2022-02-16 06:00:00
73304404;1850;2022-02-16 12:00:00
73304404;2500;2022-02-17 06:00:00
73304404;2200;2022-02-19 06:00:00
73304404;1850;2022-02-21 06:00:00
73304404;1850;2022-02-21 12:00:00
73304404;1000;2022-02-22 06:00:00
73304404;1850;2022-02-25 06:00:00
73304404;1850;2022-02-25 12:00:00
73304404;1850;2022-03-14 06:00:00
73304404;1950;2022-03-15 06:00:00
73304404;1500;2022-03-30 06:00:00
73304404;1850;2022-03-31 06:00:00
73304404;1850;2022-03-31 12:00:00
73304404;1200;2022-04-01 06:00:00
73304404;1850;2022-04-02 06:00:00
73304404;1850;2022-04-03 06:00:00
73304404;1600;2022-04-07 06:00:00
73304404;1850;2022-04-07 12:00:00
73304404;1600;2022-04-08 06:00:00
73304404;1850;2022-04-08 12:00:00
73304404;1850;2022-04-09 06:00:00
73304404;1850;2022-04-10 06:00:00
73304404;2400;2022-04-23 06:00:00
73304404;1800;2022-04-24 06:00:00
73304404;1850;2022-04-25 06:00:00
73304404;2400;2022-04-30 06:00:00
73304404;1850;2022-05-01 06:00:00
73306403;2000;2021-12-25 06:00:00
73306403;1900;2021-12-25 12:00:00
73306403;1800;2021-12-26 06:00:00
73306403;1450;2021-12-27 12:00:00
73306403;2000;2021-12-28 06:00:00
73306403;2000;2021-12-28 12:00:00
73306403;2200;2021-12-29 06:00:00
73306403;2300;2021-12-29 12:00:00
73306403;2600;2021-12-30 06:00:00
73306403;1400;2022-01-05 06:00:00
73306403;1400;2022-01-05 12:00:00
73306403;1200;2022-01-06 06:00:00
73306403;800;2022-01-08 06:00:00
73306403;800;2022-01-08 12:00:00
73306403;800;2022-01-09 06:00:00
73306403;1000;2022-01-09 12:00:00
73306403;1000;2022-01-10 06:00:00
73306403;700;2022-01-20 06:00:00
73306403;1400;2022-01-31 12:00:00
73306403;650;2022-02-01 06:00:00
73306403;2500;2022-02-02 06:00:00
73306403;1200;2022-02-07 06:00:00
73306403;1300;2022-02-11 06:00:00
73306403;1300;2022-02-11 12:00:00
73306403;1300;2022-02-12 06:00:00
73306403;1000;2022-02-15 06:00:00
73306403;2000;2022-02-15 12:00:00
73306403;1400;2022-02-16 06:00:00
73306403;2000;2022-02-16 12:00:00
73306403;2400;2022-02-17 06:00:00
73306403;1400;2022-02-19 06:00:00
73306403;1400;2022-02-25 06:00:00
73306403;1300;2022-03-14 06:00:00
73306403;1900;2022-03-15 06:00:00
73306403;1500;2022-03-30 06:00:00
73306403;2000;2022-03-30 12:00:00
73306403;1800;2022-04-01 06:00:00
73306403;1400;2022-04-01 12:00:00
73306403;700;2022-04-02 06:00:00
73306403;1400;2022-04-02 12:00:00
73306403;1400;2022-04-03 06:00:00
73306403;1400;2022-04-04 06:00:00
73306403;1900;2022-04-07 06:00:00
73306403;1900;2022-04-07 12:00:00
73306403;1800;2022-04-08 06:00:00
73306403;2000;2022-04-08 12:00:00
73306403;1800;2022-04-10 06:00:00
73307400;600;2021-11-29 06:00:00
73307400;700;2021-11-30 06:00:00
73307400;1200;2021-12-02 06:00:00
73307400;700;2021-12-03 06:00:00
73307400;600;2021-12-07 06:00:00
73307400;600;2021-12-08 06:00:00
73307400;600;2021-12-09 06:00:00
73307400;600;2021-12-10 06:00:00
73307400;1100;2021-12-11 06:00:00
73307400;1800;2021-12-26 06:00:00
73307400;1800;2021-12-28 06:00:00
73307400;2000;2021-12-29 06:00:00
73307400;1300;2022-01-05 06:00:00
73307400;1400;2022-01-06 06:00:00
73307400;700;2022-01-08 06:00:00
73307400;1300;2022-01-09 06:00:00
73307400;1000;2022-01-10 06:00:00
73307400;700;2022-01-20 06:00:00
73307400;1800;2022-02-02 06:00:00
73307400;1200;2022-02-07 06:00:00
73307400;1750;2022-02-11 06:00:00
73307400;1800;2022-02-12 06:00:00
73307400;1000;2022-02-15 06:00:00
73307400;1000;2022-02-16 06:00:00
73307400;2000;2022-02-17 06:00:00
73307400;1800;2022-02-18 06:00:00
73307400;1780;2022-02-19 06:00:00
73307400;1800;2022-02-21 06:00:00
73307400;1000;2022-02-22 06:00:00
73307400;1300;2022-03-14 06:00:00
73307400;1900;2022-03-30 06:00:00
73307400;1900;2022-03-31 06:00:00
73307400;1700;2022-04-01 06:00:00
73307400;1500;2022-04-02 06:00:00
73307400;700;2022-04-03 06:00:00
73307400;1700;2022-04-07 06:00:00
73307400;1800;2022-04-09 06:00:00
73307400;1700;2022-04-10 06:00:00
73318400;1000;2021-12-08 06:00:00
73318400;1000;2021-12-09 06:00:00
73318400;1400;2021-12-26 06:00:00
73318400;2200;2021-12-29 06:00:00
73318400;1500;2022-01-05 06:00:00
73318400;1100;2022-01-08 06:00:00
73318400;1000;2022-01-09 06:00:00
73318400;1100;2022-01-10 06:00:00
73318400;1100;2022-02-01 06:00:00
73318400;1800;2022-02-02 06:00:00
73318400;1500;2022-02-07 06:00:00
73318400;1300;2022-02-11 06:00:00
73318400;1300;2022-02-12 06:00:00
73318400;1500;2022-02-16 06:00:00
73318400;2000;2022-02-17 06:00:00
73318400;2200;2022-02-18 06:00:00
73318400;1800;2022-02-19 06:00:00
73318400;1200;2022-02-21 06:00:00
73318400;1100;2022-02-22 06:00:00
73318400;1400;2022-03-14 06:00:00
73318400;1800;2022-03-15 06:00:00
73318400;1700;2022-03-30 06:00:00
73318400;1700;2022-03-31 06:00:00
73318400;1600;2022-04-01 06:00:00
73318400;1100;2022-04-02 06:00:00
73318400;1800;2022-04-07 06:00:00
73318400;2000;2022-04-08 06:00:00
73318400;1600;2022-04-09 06:00:00
73318400;1400;2022-04-10 06:00:00
73322401;2000;2021-12-25 06:00:00
73322401;2000;2021-12-28 06:00:00
73322401;2200;2021-12-29 06:00:00
73322401;1350;2022-01-05 06:00:00
73322401;1350;2022-01-06 06:00:00
73322401;1350;2022-01-08 06:00:00
73322401;1000;2022-01-09 06:00:00
73322401;1350;2022-01-20 06:00:00
73322401;1350;2022-02-01 06:00:00
73322401;1350;2022-02-02 06:00:00
73322401;1350;2022-02-15 06:00:00
73322401;1350;2022-02-16 06:00:00
73322401;1350;2022-02-21 06:00:00
73322401;1350;2022-02-22 06:00:00
73322401;1350;2022-03-12 06:00:00
73322401;1350;2022-03-14 06:00:00
73322401;1350;2022-04-04 06:00:00
73322401;2000;2022-04-08 06:00:00
74014400;1600;2021-12-12 06:00:00
74014400;1800;2021-12-24 12:00:00
74014400;1800;2021-12-25 06:00:00
74014400;1600;2021-12-25 12:00:00
74014400;1800;2021-12-26 06:00:00
74014400;1600;2021-12-27 06:00:00
74014400;1600;2021-12-27 12:00:00
74014400;1600;2021-12-28 06:00:00
74014400;1800;2021-12-28 12:00:00
74014400;2000;2021-12-29 06:00:00
74014400;2500;2021-12-29 12:00:00
74014400;2500;2021-12-30 06:00:00
74014400;1600;2022-01-04 06:00:00
74014400;2000;2022-01-04 12:00:00
74014400;1600;2022-01-05 06:00:00
74014400;1600;2022-01-05 12:00:00
74014400;1600;2022-01-06 06:00:00
74014400;1600;2022-01-08 06:00:00
74014400;1600;2022-01-09 06:00:00
74014400;1600;2022-01-09 12:00:00
74014400;1000;2022-01-10 06:00:00
74014400;1600;2022-01-20 06:00:00
74014400;1600;2022-01-31 12:00:00
74014400;1600;2022-02-01 06:00:00
74014400;1600;2022-02-02 06:00:00
74014400;1600;2022-02-02 12:00:00
74014400;1600;2022-02-03 06:00:00
74014400;1700;2022-02-05 06:00:00
74014400;1600;2022-02-07 06:00:00
74014400;1100;2022-02-11 06:00:00
74014400;1600;2022-02-11 12:00:00
74014400;1600;2022-02-14 12:00:00
74014400;1600;2022-02-15 06:00:00
74014400;1600;2022-02-15 12:00:00
74014400;1500;2022-02-16 06:00:00
74014400;1600;2022-02-16 12:00:00
74014400;2300;2022-02-17 06:00:00
74014400;2300;2022-02-17 12:00:00
74014400;1800;2022-02-19 06:00:00
74014400;1600;2022-02-21 06:00:00
74014400;1600;2022-02-21 12:00:00
74014400;1600;2022-02-22 06:00:00
74014400;1600;2022-02-25 06:00:00
74014400;1600;2022-03-14 06:00:00
74014400;2200;2022-03-15 06:00:00
74014400;1600;2022-03-21 06:00:00
74014400;1800;2022-03-30 06:00:00
74014400;1900;2022-03-30 12:00:00
74014400;1800;2022-03-31 06:00:00
74014400;1600;2022-03-31 12:00:00
74014400;1600;2022-04-01 06:00:00
74014400;1600;2022-04-01 12:00:00
74014400;1600;2022-04-02 06:00:00
74014400;1600;2022-04-02 12:00:00
74014400;1600;2022-04-03 06:00:00
74014400;1600;2022-04-07 06:00:00
74014400;1600;2022-04-07 12:00:00
74014400;1800;2022-04-08 06:00:00
74014400;1800;2022-04-08 12:00:00
74014400;1600;2022-04-09 06:00:00
74014400;1600;2022-04-09 12:00:00
74014400;1600;2022-04-10 06:00:00
74014402;1000;2021-12-07 06:00:00
74014402;1100;2021-12-08 06:00:00
74014402;1100;2021-12-09 06:00:00
74014402;800;2021-12-10 06:00:00
74014402;600;2021-12-11 06:00:00
74014402;600;2021-12-12 06:00:00
74014402;2100;2021-12-24 12:00:00
74014402;1300;2021-12-25 12:00:00
74014402;1700;2021-12-26 06:00:00
74014402;1600;2021-12-26 12:00:00
74014402;1300;2021-12-27 12:00:00
74014402;1700;2021-12-28 06:00:00
74014402;2000;2021-12-28 12:00:00
74014402;2000;2021-12-29 06:00:00
74014402;2100;2021-12-29 12:00:00
74014402;2100;2021-12-30 06:00:00
74014402;2100;2022-01-04 06:00:00
74014402;2100;2022-01-04 12:00:00
74014402;1700;2022-01-05 06:00:00
74014402;1700;2022-01-05 12:00:00
74014402;1100;2022-01-06 06:00:00
74014402;1700;2022-01-07 12:00:00
74014402;700;2022-01-09 06:00:00
74014402;700;2022-01-09 12:00:00
74014402;700;2022-01-10 06:00:00
74014402;600;2022-01-20 06:00:00
74014402;1100;2022-01-31 12:00:00
74014402;700;2022-02-01 06:00:00
74014402;1100;2022-02-02 06:00:00
74014402;1500;2022-02-02 12:00:00
74014402;1600;2022-02-03 06:00:00
74014402;1100;2022-02-07 06:00:00
74014402;1700;2022-02-11 06:00:00
74014402;1200;2022-02-11 12:00:00
74014402;1200;2022-02-14 12:00:00
74014402;1000;2022-02-15 06:00:00
74014402;1100;2022-02-15 12:00:00
74014402;1000;2022-02-16 06:00:00
74014402;1500;2022-02-16 12:00:00
74014402;2100;2022-02-17 06:00:00
74014402;1800;2022-02-17 12:00:00
74014402;1500;2022-02-20 06:00:00
74014402;1100;2022-02-20 12:00:00
74014402;1600;2022-02-21 06:00:00
74014402;1100;2022-02-21 12:00:00
74014402;1100;2022-02-22 06:00:00
74014402;1700;2022-02-25 06:00:00
74014402;1400;2022-02-25 12:00:00
74014402;1500;2022-03-14 06:00:00
74014402;2100;2022-03-15 06:00:00
74014402;1700;2022-03-21 06:00:00
74014402;1600;2022-03-30 06:00:00
74014402;1600;2022-03-30 12:00:00
74014402;1600;2022-03-31 06:00:00
74014402;1300;2022-03-31 12:00:00
74014402;1300;2022-04-01 06:00:00
74014402;1000;2022-04-01 12:00:00
74014402;1200;2022-04-02 06:00:00
74014402;1200;2022-04-02 12:00:00
74014402;700;2022-04-03 06:00:00
74014402;700;2022-04-03 12:00:00
74014402;1100;2022-04-04 06:00:00
74014402;1800;2022-04-07 06:00:00
74014402;1600;2022-04-07 12:00:00
74014402;1700;2022-04-08 06:00:00
74014402;1200;2022-04-09 06:00:00
74014402;700;2022-04-09 12:00:00
74033400;2000;2021-12-25 06:00:00
74033400;1500;2021-12-26 06:00:00
74033400;1500;2021-12-27 06:00:00
74033400;1400;2021-12-28 06:00:00
74033400;1500;2021-12-29 06:00:00
74033400;2000;2021-12-30 06:00:00
74033400;2000;2021-12-31 06:00:00
74033400;1000;2022-01-05 06:00:00
74033400;700;2022-01-08 06:00:00
74033400;700;2022-01-09 06:00:00
74033400;700;2022-01-10 06:00:00
74033400;1500;2022-01-20 06:00:00
74033400;1000;2022-01-31 06:00:00
74033400;900;2022-02-01 06:00:00
74033400;1400;2022-02-02 06:00:00
74033400;1500;2022-02-05 06:00:00
74033400;1400;2022-02-07 06:00:00
74033400;1300;2022-02-11 06:00:00
74033400;1200;2022-02-15 06:00:00
74033400;2000;2022-02-17 06:00:00
74033400;2000;2022-02-18 06:00:00
74033400;1800;2022-02-19 06:00:00
74033400;1500;2022-02-21 06:00:00
74033400;800;2022-02-22 06:00:00
74033400;1000;2022-02-25 06:00:00
74033400;1300;2022-03-14 06:00:00
74033400;1500;2022-03-21 06:00:00
74056400;3200;2021-08-05 06:00:00
74056400;3000;2021-09-26 06:00:00
74056400;1700;2021-10-07 06:00:00
74056400;2000;2021-10-22 06:00:00
74056400;600;2021-11-29 06:00:00
74056400;950;2021-12-08 06:00:00
74056400;800;2021-12-09 06:00:00
74056400;600;2021-12-11 06:00:00
74056400;3000;2021-12-30 06:00:00
74056400;600;2022-01-08 06:00:00
74056400;800;2022-01-10 06:00:00
74056400;1000;2022-01-31 12:00:00
74056400;900;2022-02-01 06:00:00
74056400;1100;2022-02-11 06:00:00
74056400;2400;2022-02-17 06:00:00
74056400;2300;2022-02-18 06:00:00
74056400;900;2022-02-23 06:00:00
74056400;1100;2022-02-25 06:00:00
74056400;1200;2022-03-14 06:00:00
74056400;2000;2022-03-15 06:00:00
74056400;1600;2022-03-30 06:00:00
74056400;1500;2022-03-31 06:00:00
74056400;1400;2022-04-01 06:00:00
74056400;500;2022-04-02 06:00:00
74056400;1800;2022-04-08 06:00:00
74056400;1800;2022-04-24 06:00:00
74056400;1700;2022-04-25 06:00:00
74056400;1800;2022-04-26 06:00:00
74056400;3000;2022-05-24 12:00:00
74056400;3000;2022-06-01 06:00:00
74056400;2700;2022-06-07 06:00:00
74056400;1000;2022-06-14 06:00:00
74056402;1500;2021-12-26 06:00:00
74056402;1500;2021-12-27 06:00:00
74056402;1500;2022-01-08 06:00:00
74056402;1470;2022-01-10 06:00:00
74056402;1500;2022-02-03 06:00:00
74056402;1400;2022-02-05 06:00:00
74056402;1470;2022-02-07 06:00:00
74056402;1500;2022-02-11 06:00:00
74056402;1600;2022-02-17 06:00:00
74056402;1500;2022-02-18 06:00:00
74056402;1500;2022-02-19 06:00:00
74056402;1500;2022-02-20 06:00:00
74056402;1470;2022-02-21 06:00:00
74056402;1500;2022-02-25 06:00:00
74056402;1500;2022-03-14 06:00:00
74056402;1500;2022-04-01 06:00:00
74056402;1470;2022-04-09 06:00:00
74056416;1000;2021-12-07 06:00:00
74056416;800;2021-12-11 06:00:00
74056416;1500;2021-12-26 06:00:00
74056416;1970;2021-12-27 06:00:00
74056416;1500;2021-12-28 06:00:00
74056416;2000;2021-12-29 06:00:00
74056416;2500;2021-12-30 06:00:00
74056416;1900;2022-01-05 06:00:00
74056416;1200;2022-01-06 06:00:00
74056416;1200;2022-01-08 06:00:00
74056416;1200;2022-01-09 06:00:00
74056416;1200;2022-01-10 06:00:00
74056416;1000;2022-01-20 06:00:00
74056416;800;2022-02-01 06:00:00
74056416;1000;2022-02-02 06:00:00
74056416;1000;2022-02-07 06:00:00
74056416;1200;2022-02-11 06:00:00
74056416;800;2022-02-15 06:00:00
74056416;1000;2022-02-16 06:00:00
74056416;2400;2022-02-17 06:00:00
74056416;2000;2022-02-19 06:00:00
74056416;1100;2022-02-21 06:00:00
74056416;1000;2022-02-22 06:00:00
74056416;1200;2022-02-25 06:00:00
74056416;1100;2022-03-14 06:00:00
74056416;2000;2022-03-15 06:00:00
74056416;1800;2022-03-30 06:00:00
74056416;1500;2022-03-31 06:00:00
74056416;1000;2022-04-03 06:00:00
74056416;1500;2022-04-07 06:00:00
74056416;1000;2022-04-10 06:00:00
74056416;2500;2022-04-22 06:00:00
74056416;2300;2022-04-23 06:00:00
74056416;1200;2022-04-24 06:00:00
74056416;2100;2022-04-25 06:00:00
74056417;1600;2021-12-26 06:00:00
74056417;2400;2022-02-17 06:00:00
74056417;2200;2022-03-15 06:00:00
74056418;2200;2021-12-30 06:00:00
74056418;2100;2022-01-04 06:00:00
74056418;2100;2022-01-05 06:00:00
74056418;1400;2022-01-06 06:00:00
74056418;1300;2022-01-20 06:00:00
74056418;700;2022-02-01 06:00:00
74056418;1000;2022-02-02 06:00:00
74056418;1500;2022-02-03 06:00:00
74056418;2100;2022-02-05 06:00:00
74056418;1200;2022-02-11 06:00:00
74056418;900;2022-02-15 06:00:00
74056418;1200;2022-02-16 06:00:00
74056418;2150;2022-02-17 06:00:00
74056418;2200;2022-02-18 06:00:00
74056418;2100;2022-02-19 06:00:00
74056418;1400;2022-03-15 06:00:00
74056418;1800;2022-03-30 06:00:00
74056418;2000;2022-03-31 06:00:00
74056418;1800;2022-04-01 06:00:00
74056418;2100;2022-04-02 06:00:00
74063405;2100;2021-12-25 06:00:00
74063405;1600;2021-12-26 06:00:00
74063405;1700;2021-12-27 06:00:00
74063405;2000;2021-12-30 06:00:00
74063405;2100;2022-01-04 06:00:00
74063405;1600;2022-01-05 06:00:00
74063405;800;2022-01-08 06:00:00
74063405;1200;2022-01-09 06:00:00
74063405;1635;2022-01-20 06:00:00
74063405;1635;2022-02-01 06:00:00
74063405;1800;2022-02-02 06:00:00
74063405;1635;2022-02-03 06:00:00
74063405;1635;2022-02-07 06:00:00
74063405;1000;2022-02-11 06:00:00
74063405;1000;2022-02-12 06:00:00
74063405;1300;2022-02-15 06:00:00
74063405;1000;2022-02-16 06:00:00
74063405;2100;2022-02-17 06:00:00
74063405;2000;2022-02-18 06:00:00
74063405;2010;2022-02-19 06:00:00
74063405;1635;2022-02-22 06:00:00
74063405;1300;2022-03-14 06:00:00
74063405;1635;2022-03-15 06:00:00
74063405;1500;2022-03-31 06:00:00
74063405;1700;2022-04-01 06:00:00
74063405;1000;2022-04-02 06:00:00
74063405;700;2022-04-03 06:00:00
74063405;1600;2022-04-07 06:00:00
74063405;1700;2022-04-08 06:00:00
74063405;2000;2022-04-23 06:00:00
74063405;1200;2022-04-24 06:00:00
74080403;1000;2021-12-11 12:00:00
74080403;1000;2021-12-12 06:00:00
74080403;2000;2021-12-25 06:00:00
74080403;1600;2021-12-26 06:00:00
74080403;1700;2021-12-27 06:00:00
74080403;1500;2021-12-27 12:00:00
74080403;2000;2021-12-28 06:00:00
74080403;2500;2021-12-28 12:00:00
74080403;2200;2021-12-29 06:00:00
74080403;2200;2021-12-29 12:00:00
74080403;1600;2022-01-04 06:00:00
74080403;1000;2022-01-05 06:00:00
74080403;1000;2022-01-07 12:00:00
74080403;1000;2022-01-08 06:00:00
74080403;1000;2022-01-09 06:00:00
74080403;1000;2022-01-09 12:00:00
74080403;1000;2022-01-10 12:00:00
74080403;1000;2022-01-20 06:00:00
74080403;1000;2022-01-31 12:00:00
74080403;1000;2022-02-01 06:00:00
74080403;800;2022-02-02 06:00:00
74080403;1000;2022-02-05 06:00:00
74080403;1600;2022-02-07 06:00:00
74080403;1300;2022-02-11 06:00:00
74080403;1000;2022-02-11 12:00:00
74080403;1000;2022-02-14 12:00:00
74080403;1000;2022-02-15 06:00:00
74080403;1000;2022-02-15 12:00:00
74080403;1000;2022-02-16 06:00:00
74080403;1800;2022-02-16 12:00:00
74080403;2200;2022-02-17 06:00:00
74080403;2200;2022-02-17 12:00:00
74080403;1700;2022-02-19 06:00:00
74080403;1000;2022-02-20 06:00:00
74080403;1400;2022-02-21 06:00:00
74080403;1000;2022-02-21 12:00:00
74080403;1000;2022-02-22 06:00:00
74080403;1500;2022-03-14 06:00:00
74080403;2500;2022-03-15 06:00:00
74080403;1600;2022-03-30 06:00:00
74080403;1800;2022-03-30 12:00:00
74080403;1400;2022-03-31 06:00:00
74080403;1000;2022-04-01 06:00:00
74080403;1000;2022-04-01 12:00:00
74080403;1000;2022-04-02 06:00:00
74080403;1000;2022-04-03 06:00:00
74080403;1800;2022-04-07 06:00:00
74080403;2000;2022-04-08 06:00:00
74080403;1600;2022-04-09 06:00:00
74080403;1000;2022-04-09 12:00:00
74085406;1550;2021-12-02 06:00:00
74085406;1200;2021-12-03 06:00:00
74085406;1700;2021-12-04 06:00:00
74085406;1700;2021-12-05 06:00:00
74085406;1200;2021-12-08 06:00:00
74085406;1200;2021-12-09 06:00:00
74085406;900;2021-12-10 06:00:00
74085406;1200;2021-12-11 06:00:00
74085406;900;2021-12-12 06:00:00
74085406;2000;2021-12-25 06:00:00
74085406;1600;2021-12-26 06:00:00
74085406;1800;2021-12-28 06:00:00
74085406;1700;2021-12-29 06:00:00
74085406;2100;2021-12-30 06:00:00
74085406;1200;2022-01-05 06:00:00
74085406;1000;2022-01-06 06:00:00
74085406;1000;2022-01-08 06:00:00
74085406;1000;2022-01-09 06:00:00
74085406;900;2022-01-10 06:00:00
74085406;1000;2022-01-20 06:00:00
74085406;1000;2022-02-01 06:00:00
74085406;1200;2022-02-02 06:00:00
74085406;1800;2022-02-03 06:00:00
74085406;1500;2022-02-05 06:00:00
74085406;1200;2022-02-07 06:00:00
74085406;1200;2022-02-11 06:00:00
74085406;1200;2022-02-12 06:00:00
74085406;1000;2022-02-15 06:00:00
74085406;1000;2022-02-16 06:00:00
74085406;2000;2022-02-18 06:00:00
74085406;1900;2022-02-19 06:00:00
74085406;1300;2022-02-21 06:00:00
74085406;1200;2022-02-22 06:00:00
74085406;1200;2022-02-25 06:00:00
74085406;1300;2022-03-14 06:00:00
74085406;2100;2022-03-15 06:00:00
74085406;1500;2022-03-30 06:00:00
74085406;1600;2022-03-31 06:00:00
74085406;1400;2022-04-01 06:00:00
74085406;1200;2022-04-03 06:00:00
74085406;2200;2022-04-07 06:00:00
74085406;2000;2022-04-08 06:00:00
74085406;2000;2022-04-09 06:00:00
74085406;900;2022-04-10 06:00:00
74085406;2200;2022-04-23 06:00:00
74085406;1500;2022-04-24 06:00:00
74134400;1800;2021-12-25 06:00:00
74134400;1600;2021-12-25 12:00:00
74134400;1600;2021-12-26 06:00:00
74134400;1700;2021-12-26 12:00:00
74134400;1600;2021-12-27 06:00:00
74134400;1400;2021-12-27 12:00:00
74134400;1800;2021-12-28 06:00:00
74134400;1800;2021-12-28 12:00:00
74134400;1800;2021-12-29 06:00:00
74134400;1800;2021-12-29 12:00:00
74134400;1800;2021-12-30 06:00:00
74134400;2200;2022-01-04 06:00:00
74134400;1550;2022-01-05 06:00:00
74134400;1200;2022-01-05 12:00:00
74134400;1200;2022-01-06 06:00:00
74134400;1200;2022-01-07 12:00:00
74134400;900;2022-01-08 06:00:00
74134400;1000;2022-01-09 06:00:00
74134400;800;2022-01-09 12:00:00
74134400;1100;2022-01-10 06:00:00
74134400;1100;2022-01-20 06:00:00
74134400;1100;2022-01-31 12:00:00
74134400;1100;2022-02-01 06:00:00
74134400;1200;2022-02-02 06:00:00
74134400;1500;2022-02-02 12:00:00
74134400;1400;2022-02-05 06:00:00
74134400;1100;2022-02-07 06:00:00
74134400;1800;2022-02-11 06:00:00
74134400;1100;2022-02-14 12:00:00
74134400;1100;2022-02-15 06:00:00
74134400;1200;2022-02-15 12:00:00
74134400;1200;2022-02-16 06:00:00
74134400;1850;2022-02-16 12:00:00
74134400;1900;2022-02-17 06:00:00
74134400;1900;2022-02-17 12:00:00
74134400;1900;2022-02-18 06:00:00
74134400;1800;2022-02-19 06:00:00
74134400;1300;2022-02-21 06:00:00
74134400;1100;2022-02-21 12:00:00
74134400;900;2022-02-22 06:00:00
74134400;1500;2022-02-25 06:00:00
74134400;900;2022-02-26 06:00:00
74134400;1100;2022-03-12 06:00:00
74134400;1500;2022-03-14 06:00:00
74134400;2000;2022-03-15 06:00:00
74134400;1500;2022-03-21 06:00:00
74136400;2000;2021-12-24 12:00:00
74136400;1800;2021-12-28 06:00:00
74136400;1700;2021-12-29 06:00:00
74136400;1700;2022-01-07 12:00:00
74136400;500;2022-01-08 06:00:00
74136400;500;2022-01-09 12:00:00
74136400;600;2022-02-01 06:00:00
74136400;1500;2022-02-02 06:00:00
74136400;1250;2022-02-07 12:00:00
74136400;900;2022-02-11 06:00:00
74136400;1250;2022-02-14 12:00:00
74136400;800;2022-02-15 06:00:00
74136400;1200;2022-02-16 06:00:00
74136400;2000;2022-02-18 06:00:00
74136400;1800;2022-02-19 12:00:00
74136400;1000;2022-02-22 06:00:00
74136400;1200;2022-02-25 06:00:00
74136400;1600;2022-03-31 06:00:00
74136400;1700;2022-04-01 06:00:00
74136400;400;2022-04-02 06:00:00
74191406;1800;2021-12-24 06:00:00
74191406;1800;2021-12-24 12:00:00
74191406;2250;2021-12-25 06:00:00
74191406;1850;2021-12-26 06:00:00
74191406;1768;2021-12-27 06:00:00
74191406;1800;2021-12-28 06:00:00
74191406;2200;2021-12-29 06:00:00
74191406;2250;2021-12-30 06:00:00
74191406;2500;2022-01-04 06:00:00
74191406;1200;2022-01-05 06:00:00
74191406;600;2022-01-06 06:00:00
74191406;1100;2022-01-08 06:00:00
74191406;1700;2022-01-09 06:00:00
74191406;1700;2022-01-09 12:00:00
74191406;700;2022-01-10 06:00:00
74191406;1600;2022-01-20 06:00:00
74191406;400;2022-02-01 06:00:00
74191406;1400;2022-02-02 06:00:00
74191406;1000;2022-02-07 06:00:00
74191406;900;2022-02-12 06:00:00
74191406;950;2022-02-15 06:00:00
74191406;1200;2022-02-16 06:00:00
74191406;2300;2022-02-17 06:00:00
74191406;2200;2022-02-18 06:00:00
74191406;2000;2022-02-19 06:00:00
74191406;1700;2022-02-21 06:00:00
74191406;950;2022-02-22 06:00:00
74191406;1000;2022-02-25 06:00:00
74191406;1300;2022-03-12 06:00:00
74191406;1300;2022-03-14 06:00:00
74191406;1900;2022-03-15 06:00:00
74191406;1800;2022-03-21 06:00:00
74191406;1600;2022-03-30 06:00:00
74191406;1800;2022-03-31 06:00:00
74191406;1300;2022-04-01 06:00:00
74191406;1100;2022-04-02 06:00:00
74191406;950;2022-04-04 12:00:00
74191406;1700;2022-04-07 06:00:00
74191406;2000;2022-04-08 06:00:00
74191406;950;2022-04-09 06:00:00
74191406;1000;2022-04-10 06:00:00
74191406;2200;2022-04-23 06:00:00
74286400;0;2022-02-08 06:00:00
74286400;0;2022-04-14 06:00:00
99130401;2100;2021-12-27 12:00:00
99130401;2200;2021-12-28 06:00:00
99130401;2400;2021-12-28 12:00:00
99130401;2400;2021-12-29 06:00:00
99130401;2100;2022-01-05 06:00:00
99130401;2100;2022-01-05 12:00:00
99130401;2100;2022-01-06 06:00:00
99130401;2100;2022-01-08 06:00:00
99130401;2100;2022-01-09 06:00:00
99130401;2100;2022-01-09 12:00:00
99130401;2500;2022-01-10 06:00:00
99130401;2100;2022-01-10 12:00:00
99130401;2100;2022-01-11 06:00:00
99130401;2100;2022-01-20 06:00:00
99130401;2100;2022-01-20 12:00:00
99130401;2100;2022-01-21 06:00:00
99130401;2100;2022-02-01 06:00:00
99130401;2100;2022-02-05 06:00:00
99130401;2100;2022-02-05 12:00:00
99130401;2100;2022-02-06 06:00:00
99130401;2100;2022-02-07 06:00:00
99130401;2100;2022-02-12 06:00:00
99130401;2100;2022-02-13 12:00:00
99130401;2100;2022-02-14 06:00:00
99130401;2100;2022-02-14 12:00:00
99130401;2100;2022-02-15 06:00:00
99130401;2100;2022-02-15 12:00:00
99130401;2100;2022-02-16 06:00:00
99130401;2400;2022-02-16 12:00:00
99130401;2100;2022-02-19 06:00:00
99130401;2100;2022-02-19 12:00:00
99130401;2100;2022-02-20 06:00:00
99130401;2100;2022-02-25 06:00:00
99130401;2100;2022-02-28 06:00:00
99130401;2100;2022-03-03 06:00:00
99130401;2100;2022-03-04 06:00:00
99130401;2100;2022-03-04 12:00:00
99130401;2100;2022-03-05 06:00:00
99130401;2100;2022-03-05 12:00:00
99130401;2100;2022-03-06 06:00:00
99130401;2100;2022-03-06 12:00:00
99130401;2100;2022-03-07 06:00:00
99130401;2100;2022-03-08 06:00:00
99130401;2100;2022-03-09 06:00:00
99130401;2100;2022-03-11 06:00:00
99130401;2100;2022-03-12 06:00:00
99130401;2100;2022-03-12 12:00:00
99130401;2100;2022-03-13 06:00:00
99130401;2100;2022-03-13 12:00:00
99130401;2100;2022-03-14 06:00:00
99130401;2100;2022-03-14 12:00:00
99130401;2100;2022-03-15 06:00:00
99130401;2000;2022-03-17 06:00:00
99130401;2100;2022-03-17 12:00:00
99130401;2100;2022-03-18 06:00:00
99130401;2100;2022-03-20 06:00:00
99130401;2100;2022-03-20 12:00:00
99130401;2100;2022-03-21 06:00:00
99130401;2100;2022-03-21 12:00:00
99130401;2100;2022-03-22 06:00:00
99130401;2100;2022-03-30 06:00:00
99130401;2100;2022-03-30 12:00:00
99130401;2100;2022-03-31 06:00:00
99130401;2100;2022-04-01 06:00:00
99130401;2100;2022-04-01 12:00:00
99130401;2100;2022-04-02 06:00:00
99130401;2100;2022-04-02 12:00:00
99130401;2100;2022-04-03 06:00:00
99130401;2100;2022-04-04 06:00:00
99130401;2100;2022-04-06 12:00:00
99130401;2100;2022-04-07 06:00:00
99130401;2100;2022-04-13 06:00:00
99130401;2350;2022-04-13 12:00:00
99130403;2300;2021-11-11 06:00:00
99130403;1500;2021-11-15 06:00:00
99130403;1700;2021-11-24 06:00:00
99130403;1600;2021-11-25 06:00:00
99130403;1300;2021-11-27 06:00:00
99130403;1100;2021-11-28 06:00:00
99130403;1300;2021-11-29 06:00:00
99130403;1300;2021-12-02 06:00:00
99130403;1000;2021-12-03 06:00:00
99130403;1898;2021-12-04 06:00:00
99130403;1300;2021-12-06 06:00:00
99130403;1300;2021-12-09 06:00:00
99130403;2000;2021-12-10 06:00:00
99130403;1700;2021-12-25 12:00:00
99130403;2400;2021-12-26 06:00:00
99130403;1700;2022-01-05 06:00:00
99130403;1500;2022-01-09 06:00:00
99130403;1550;2022-02-14 06:00:00
99130403;1200;2022-02-15 06:00:00
99130403;1600;2022-03-03 06:00:00
99130403;1700;2022-03-09 06:00:00
99130403;1700;2022-03-11 06:00:00
99130403;1600;2022-04-24 06:00:00
99130405;1700;2021-12-27 12:00:00
99130405;1300;2021-12-28 06:00:00
99130405;1900;2022-01-05 06:00:00
99130405;2000;2022-01-05 12:00:00
99130405;1900;2022-01-08 06:00:00
99130405;1900;2022-01-08 12:00:00
99130405;1900;2022-01-09 06:00:00
99130405;1900;2022-01-09 12:00:00
99130405;1900;2022-01-20 06:00:00
99130405;1500;2022-02-01 06:00:00
99130405;2600;2022-02-02 06:00:00
99130405;1900;2022-02-05 12:00:00
99130405;2000;2022-02-13 06:00:00
99130405;1400;2022-02-14 06:00:00
99130405;1900;2022-02-14 12:00:00
99130405;1300;2022-02-15 06:00:00
99130405;1500;2022-02-15 12:00:00
99130405;1500;2022-02-16 06:00:00
99130405;1900;2022-02-16 12:00:00
99130405;1900;2022-02-19 06:00:00
99130405;1900;2022-02-19 12:00:00
99130405;1800;2022-03-04 06:00:00
99130405;1500;2022-03-11 06:00:00
99130405;1900;2022-03-11 12:00:00
99130405;1400;2022-03-12 06:00:00
99130405;1900;2022-03-12 12:00:00
99130405;1900;2022-03-13 12:00:00
99130405;1900;2022-03-14 12:00:00
99130405;2100;2022-03-15 06:00:00
99130405;1900;2022-03-17 06:00:00
99130405;2100;2022-03-17 12:00:00
99130405;1900;2022-03-18 06:00:00
99130405;1900;2022-03-20 06:00:00
99130405;1900;2022-03-21 06:00:00
99130405;1800;2022-03-30 06:00:00
99130405;1900;2022-03-30 12:00:00
99130405;1900;2022-03-31 06:00:00
99130405;1900;2022-04-01 06:00:00
99130405;2400;2022-04-13 06:00:00
99130405;2400;2022-04-13 12:00:00
99130405;2050;2022-04-19 06:00:00
99130405;2400;2022-04-19 12:00:00
99130405;2600;2022-04-20 12:00:00
99130405;1900;2022-04-21 06:00:00
99130405;1900;2022-04-21 12:00:00
99130405;1700;2022-04-23 06:00:00
99130405;1500;2022-04-24 06:00:00
99130405;1800;2022-04-24 12:00:00
99130408;1600;2021-11-05 06:00:00
99130408;1500;2021-11-24 06:00:00
99130408;1600;2021-11-25 06:00:00
99130408;1900;2021-11-26 06:00:00
99130408;1000;2021-11-29 06:00:00
99130408;1500;2021-11-30 06:00:00
99130408;1000;2021-12-02 06:00:00
99130408;1000;2021-12-03 06:00:00
99130408;1950;2021-12-04 12:00:00
99130408;1700;2021-12-05 06:00:00
99130408;1000;2021-12-05 12:00:00
99130408;1000;2021-12-06 06:00:00
99130408;1900;2021-12-08 06:00:00
99130408;1900;2021-12-08 12:00:00
99130408;1000;2021-12-09 06:00:00
99130408;1000;2021-12-09 12:00:00
99130408;1800;2021-12-10 06:00:00
99130408;1500;2021-12-10 12:00:00
99130408;1500;2021-12-11 06:00:00
99130408;1500;2021-12-11 12:00:00
99130408;1500;2021-12-12 06:00:00
99130408;2300;2021-12-25 12:00:00
99130408;1900;2021-12-27 12:00:00
99130408;2300;2021-12-28 06:00:00
99130408;2500;2021-12-28 12:00:00
99130408;2500;2021-12-29 06:00:00
99130408;1900;2022-01-05 12:00:00
99130408;1500;2022-01-06 06:00:00
99130408;1500;2022-01-07 12:00:00
99130408;1800;2022-01-08 06:00:00
99130408;1900;2022-01-08 12:00:00
99130408;1500;2022-01-09 06:00:00
99130408;1500;2022-01-09 12:00:00
99130408;1900;2022-01-10 06:00:00
99130408;1950;2022-01-10 12:00:00
99130408;1500;2022-01-11 06:00:00
99130408;1900;2022-01-20 06:00:00
99130408;1900;2022-01-21 06:00:00
99130408;1900;2022-02-11 12:00:00
99130408;1900;2022-02-13 06:00:00
99130408;1800;2022-02-14 06:00:00
99130408;1800;2022-02-14 12:00:00
99130408;1700;2022-02-15 06:00:00
99130408;1800;2022-02-15 12:00:00
99130408;1500;2022-02-16 06:00:00
99130408;2500;2022-02-16 12:00:00
99130408;1923;2022-02-19 06:00:00
99130408;1923;2022-02-19 12:00:00
99130408;1923;2022-02-20 06:00:00
99130408;1900;2022-03-02 12:00:00
99130408;1800;2022-03-03 06:00:00
99130408;1900;2022-03-04 06:00:00
99130408;1900;2022-03-04 12:00:00
99130408;1600;2022-03-06 06:00:00
99130408;1900;2022-03-06 12:00:00
99130408;1900;2022-03-08 06:00:00
99130408;1900;2022-03-08 12:00:00
99130408;1600;2022-03-09 06:00:00
99130408;1600;2022-03-11 06:00:00
99130408;1800;2022-03-11 12:00:00
99130408;1500;2022-03-12 06:00:00
99130408;1700;2022-03-12 12:00:00
99130408;1800;2022-03-13 06:00:00
99130408;1900;2022-03-13 12:00:00
99130408;1900;2022-03-14 06:00:00
99130408;1923;2022-03-14 12:00:00
99130408;2100;2022-03-15 06:00:00
99130408;1900;2022-03-18 06:00:00
99130408;1800;2022-03-20 06:00:00
99130408;1600;2022-03-21 06:00:00
99130408;1600;2022-03-21 12:00:00
99130408;1900;2022-03-22 06:00:00
99130408;1800;2022-03-30 06:00:00
99130408;1900;2022-03-31 06:00:00
99130408;1500;2022-04-01 06:00:00
99130408;1000;2022-04-02 06:00:00
99130408;1000;2022-04-02 12:00:00
99130408;1000;2022-04-03 06:00:00
99130408;2200;2022-04-12 12:00:00
99130408;2400;2022-04-13 06:00:00
99130408;1800;2022-04-20 06:00:00
99130408;1600;2022-04-25 06:00:00
99130412;2152;2021-12-10 06:00:00
99130412;2152;2021-12-10 12:00:00
99130412;2152;2021-12-11 06:00:00
99130412;2152;2021-12-12 06:00:00
99130412;2152;2021-12-27 12:00:00
99130412;2152;2021-12-28 06:00:00
99130412;2152;2021-12-28 12:00:00
99130412;2152;2022-01-10 06:00:00
99130412;2152;2022-01-10 12:00:00
99130412;2152;2022-01-11 06:00:00
99130412;2152;2022-01-20 06:00:00
99130412;2000;2022-01-20 12:00:00
99130412;2152;2022-02-02 06:00:00
99130412;2000;2022-02-05 06:00:00
99130412;2152;2022-02-13 06:00:00
99130412;2152;2022-02-13 12:00:00
99130412;1800;2022-02-14 06:00:00
99130412;2152;2022-02-14 12:00:00
99130412;2152;2022-02-15 06:00:00
99130412;2152;2022-02-15 12:00:00
99130412;2152;2022-02-16 06:00:00
99130412;2152;2022-02-16 12:00:00
99130412;2152;2022-02-17 06:00:00
99130412;1960;2022-02-19 06:00:00
99130412;2152;2022-02-19 12:00:00
99130412;2152;2022-02-20 06:00:00
99130412;2152;2022-03-02 12:00:00
99130412;2152;2022-03-03 06:00:00
99130412;2152;2022-03-04 06:00:00
99130412;2152;2022-03-04 12:00:00
99130412;2152;2022-03-05 06:00:00
99130412;2152;2022-03-06 06:00:00
99130412;2152;2022-03-06 12:00:00
99130412;2152;2022-03-07 06:00:00
99130412;2152;2022-03-08 06:00:00
99130412;2152;2022-03-08 12:00:00
99130412;2152;2022-03-09 06:00:00
99130412;2152;2022-03-11 06:00:00
99130412;2152;2022-03-11 12:00:00
99130412;2152;2022-03-12 06:00:00
99130412;2152;2022-03-12 12:00:00
99130412;2152;2022-03-13 06:00:00
99130412;2152;2022-03-13 12:00:00
99130412;2152;2022-03-14 06:00:00
99130412;2152;2022-03-14 12:00:00
99130412;2152;2022-03-15 06:00:00
99130412;2152;2022-03-17 06:00:00
99130412;2152;2022-03-17 12:00:00
99130412;2152;2022-03-18 06:00:00
99130412;2152;2022-03-18 12:00:00
99130412;2152;2022-03-20 06:00:00
99130412;2152;2022-03-20 12:00:00
99130412;2152;2022-03-21 06:00:00
99130412;2152;2022-03-21 12:00:00
99130412;2152;2022-03-22 06:00:00
99130412;2152;2022-03-27 06:00:00
99130412;2152;2022-03-30 06:00:00
99130412;2152;2022-03-30 12:00:00
99130412;2152;2022-03-31 06:00:00
99130412;2152;2022-04-01 06:00:00
99130412;2152;2022-04-01 12:00:00
99130412;2152;2022-04-02 06:00:00
99130412;2152;2022-04-02 12:00:00
99130412;2152;2022-04-03 06:00:00
99130412;2152;2022-04-04 06:00:00
99130412;2152;2022-04-06 12:00:00
99130412;2152;2022-04-07 06:00:00
99130412;2152;2022-04-13 06:00:00
99130412;2152;2022-04-13 12:00:00
99130412;2152;2022-04-14 06:00:00
99130421;2000;2021-12-27 12:00:00
99130421;2400;2021-12-28 12:00:00
99130421;1800;2022-01-05 06:00:00
99130421;1800;2022-01-08 06:00:00
99130421;0;2022-01-24 06:00:00
99130421;0;2022-01-24 12:00:00
99130421;1800;2022-02-13 06:00:00
99130421;1800;2022-02-14 06:00:00
99130421;2000;2022-02-14 12:00:00
99130421;2000;2022-02-16 06:00:00
99130421;1800;2022-02-19 12:00:00
99130421;2000;2022-03-04 06:00:00
99130421;2000;2022-03-07 06:00:00
99130421;2300;2022-03-09 06:00:00
99130421;2000;2022-03-11 12:00:00
99130421;1800;2022-03-12 06:00:00
99130421;2000;2022-03-12 12:00:00
99130421;2000;2022-03-13 12:00:00
99130421;2000;2022-03-15 06:00:00
99130421;2000;2022-03-18 06:00:00
99130421;0;2022-03-20 06:00:00
99130421;2000;2022-03-30 06:00:00
99130421;2000;2022-03-30 12:00:00
99130421;2100;2022-04-01 06:00:00
99130421;2300;2022-04-13 06:00:00
99130422;1600;2022-01-05 06:00:00
